isin,Symbol,market,Name,Sector,Industry,IndustryCode
US5494981039,LCID,NASDAQ,Lucid Group Inc,,자동차 및 자동차 부품,531010
US46222L1089,IONQ,NYSE,IONQ Inc,,소프트웨어 및 IT서비스,572010
CA03879J1003,ABUS,NASDAQ,Arbutus Biopharma Corp,,제약,562010
US62526P1093,MULN,NASDAQ,Mullen Automotive Inc,,자동차 및 자동차 부품,531010
US31773D1019,FNCH,NASDAQ,Finch Therapeutics Group Inc,,생명과학 및 메디컬 리서치,562020
KYG4124C1096,GRAB,NASDAQ,Grab Holdings Ltd Class A,,소프트웨어 및 IT서비스,572010
KYG4760X1025,INDO,AMEX,Indonesia Energy Corp Ltd,,오일 및 가스,501020
US60500F1057,MF,NASDAQ,Missfresh Ltd ADR,,소프트웨어 및 IT서비스,572010
US44148G1058,HOTH,NASDAQ,Hoth Therapeutics Inc,,제약,562010
US87407Q2075,TKAT,AMEX,Takung Art Co Ltd,,소프트웨어 및 IT서비스,572010
MHY460022038,LLL,NASDAQ,JX Luxventure Ltd,,섬유 및 의류,532020
IL0011839383,DRTS,NASDAQ,Alpha Tau Medical Ltd,,기타 금융업,556010
US09073Q1058,BVXV,NASDAQ,BiondVax Pharmaceuticals Ltd ADR,,생명과학 및 메디컬 리서치,562020
US29271Q1031,ESOA,NASDAQ,Energy Services Of America Corp,,건설 및 엔지니어링,522010
US44862P1093,HYMC,NASDAQ,Hycroft Mining Holding Corporation Class A,,메탈&마이닝,512010
US03835L2079,APVO,NASDAQ,Aptevo Therapeutics Inc,,생명과학 및 메디컬 리서치,562020
US39878L3087,GROM,NASDAQ,Grom Social Enterprises Inc,,소프트웨어 및 IT서비스,572010
US07782B1044,BLTE,NASDAQ,Belite Bio Inc ADR,,생명과학 및 메디컬 리서치,562020
US83204U1034,SMFL,NASDAQ,Smart for Life Inc,,전문품 상점,534030
US02919L2088,AREB,NASDAQ,American Rebel Holdings Inc,,우주항공 및 국방,521010
US27888N3070,ZEST,NASDAQ,Ecoark Holdings Inc,,오일 및 가스,501020
US00534A1025,IVVD,NASDAQ,Invivyd Inc,,생명과학 및 메디컬 리서치,562020
US48253L2051,KLXE,NASDAQ,KLX Energy Services Holdings Inc,,오일 및 가스 장비 및 서비스,501030
US25461T1051,DRCT,NASDAQ,Direct Digital Holdings Inc Class A,,미디어 및 출판,533020
US1894641000,CLVS,NASDAQ,Clovis Oncology Inc,,생명과학 및 메디컬 리서치,562020
US13173L1070,CLXT,NASDAQ,Calyxt Inc,,전문품 상점,534030
US09077D1000,BFRI,NASDAQ,Biofrontera Inc,,제약,562010
US43906K1007,HOOK,NASDAQ,HOOKIPA Pharma Inc,,제약,562010
US02156U1016,ATER,NASDAQ,Aterian Inc,,가정용품,532040
US92536C1036,VERU,NASDAQ,Veru Inc,,"개인, 가정 용품 및 서비스",542010
US12648L6011,CTIC,NASDAQ,CTI Biopharma Corp,,생명과학 및 메디컬 리서치,562020
US8575611046,STAB,NASDAQ,Statera Biopharma Inc,,생명과학 및 메디컬 리서치,562020
US6544051096,NMTR,NASDAQ,9 Meters Biopharma Inc,,생명과학 및 메디컬 리서치,562020
US75644T1007,RCAT,NASDAQ,Red Cat Holdings Inc,,우주항공 및 국방,521010
US0390142042,RKDA,NASDAQ,Arcadia Biosciences Inc,,화학,511010
KYG4236L1124,GFAI,NASDAQ,Guardforce AI Co Ltd,,전문 및 상업 서비스,522030
CAC009481069,AGRI,NASDAQ,AgriFORCE Growing Systems Ltd,,제약,562010
US4831042043,KAVL,NASDAQ,Kaival Brands Innovations Group Inc,,식품 및 약품소매,543010
US70614W1009,PTON,NASDAQ,Peloton Interactive Inc Class A,,레저 상품,532050
US83548F2002,SONM,NASDAQ,Sonim Technologies Inc,,커뮤니케이션 및 네트워킹,571020
US54303L1044,LGVN,NASDAQ,Longeveron Inc Class A,,생명과학 및 메디컬 리서치,562020
US98986X1090,ZYNE,NASDAQ,Zynerba Pharmaceuticals Inc,,생명과학 및 메디컬 리서치,562020
US25400Q1058,DWAC,NASDAQ,Digital World Acquisition Corp Class A,,기타 금융업,556010
US2826443010,EKSO,NASDAQ,Ekso Bionics Holdings Inc,,헬스케어 장비 및 용품,561010
US03635R1077,ANPC,NASDAQ,AnPac Bio-Medical Science Co Ltd ADR,,생명과학 및 메디컬 리서치,562020
CA10778Y3023,BCTX,NASDAQ,Briacell Therapeutics Corp,,생명과학 및 메디컬 리서치,562020
US26745T1016,DYAI,NASDAQ,Dyadic International Inc,,생명과학 및 메디컬 리서치,562020
US37229T3014,GNUS,NASDAQ,Genius Brands International Inc,,미디어 및 출판,533020
SGXZ34583559,GNS,AMEX,Genius Group Ltd,,교육서비스,631010
US2312692005,CRIS,NASDAQ,Curis Inc,,생명과학 및 메디컬 리서치,562020
KYG851581069,STNE,NASDAQ,StoneCo Ltd Class A,,핀테크,573010
US8269171067,SIGA,NASDAQ,SIGA Technologies Inc,,제약,562010
US14888D2080,CBIO,NASDAQ,Catalyst Biosciences Inc,,생명과학 및 메디컬 리서치,562020
US44967K1043,BACK,NASDAQ,IMAC Holdings Inc,,헬스케어 업체 및 서비스,561020
US02927U2087,AREC,NASDAQ,American Resources Corp Class A,,"건설장비 및 대형차, 기차, 배",521020
US16934W1062,CMRX,NASDAQ,Chimerix Inc,,생명과학 및 메디컬 리서치,562020
US13803R1023,GOEV,NASDAQ,Canoo Inc Class A,,자동차 및 자동차 부품,531010
US7238363003,PPSI,NASDAQ,Pioneer Power Solutions Inc,,"건설장비 및 대형차, 기차, 배",521020
US92859E1082,VVOS,NASDAQ,Vivos Therapeutics Inc,,헬스케어 장비 및 용품,561010
US36467W1099,GME,NYSE,GameStop Corp Class A,,전문품 상점,534030
KYG3302D1034,FGI,NASDAQ,FGI Industries Ltd,,전문품 상점,534030
KYG6096M1069,APM,NASDAQ,Aptorum Group Ltd Class A,,제약,562010
US83406F1021,SOFI,NASDAQ,SoFi Technologies Inc,,은행,551010
US09606H1014,BSFC,NASDAQ,Blue Star Foods Corp,,식품 및 담배,541020
US1628281073,CKPT,NASDAQ,Checkpoint Therapeutics Inc,,생명과학 및 메디컬 리서치,562020
US67086U3077,OLB,NASDAQ,OLB Group Inc,,소프트웨어 및 IT서비스,572010
US05759B1070,BKKT,NYSE,Bakkt Holdings Inc Class A,,핀테크,573010
US54142F1021,LOGC,NASDAQ,LogicBio Therapeutics Inc,,제약,562010
IL0011789042,MTEK,NASDAQ,Maris Tech Ltd,,커뮤니케이션 및 네트워킹,571020
US0675322004,BRFH,NASDAQ,Barfresh Food Group Inc,,음료,541010
US4448632038,HGEN,NASDAQ,Humanigen Inc,,제약,562010
US18978H1023,CNSP,NASDAQ,CNS Pharmaceuticals Inc,,생명과학 및 메디컬 리서치,562020
US98973P1012,TCRT,NASDAQ,Alaunos Therapeutics Inc,,생명과학 및 메디컬 리서치,562020
US69764K1060,PALT,NASDAQ,Paltalk Inc,,소프트웨어 및 IT서비스,572010
AU000000ITL3,IMTE,NASDAQ,Integrated Media Technology Ltd,,전자 장비 및 부품,571040
IL0011415309,BNRG,NASDAQ,Brenmiller Energy Ltd,,재생에너지,502010
US14817C1071,SAVA,NASDAQ,Cassava Sciences Inc,,생명과학 및 메디컬 리서치,562020
US69012T2069,OTLK,NASDAQ,Outlook Therapeutics Inc,,생명과학 및 메디컬 리서치,562020
US91531W1062,TIGR,NASDAQ,UP Fintech Holding Ltd ADR Class A,,투자은행 및 서비스,551020
BSP733981026,NYMX,NASDAQ,Nymox Pharmaceutical Corp,,생명과학 및 메디컬 리서치,562020
US13200M5085,CEI,AMEX,Camber Energy Inc,,오일 및 가스,501020
US49382L1089,PIK,NASDAQ,Kidpik Corp,,전문품 상점,534030
US45333L1061,IXHL,NASDAQ,Incannex Healthcare Ltd ADR,,제약,562010
US9273301005,BBIG,NASDAQ,Vinco Ventures Inc,,미디어 및 출판,533020
US91822M1062,VEON,NASDAQ,VEON Ltd ADR,,통신 서비스,574010
IL0010951403,SPRC,NASDAQ,Scisparc Ltd,,제약,562010
IL0011809592,NRSN,NASDAQ,Neurosense Therapeutics Ltd,,생명과학 및 메디컬 리서치,562020
US4327051011,HILS,NASDAQ,Hillstream BioPharma Inc,,생명과학 및 메디컬 리서치,562020
MHY3894J1047,IMPP,NASDAQ,Imperial Petroleum Inc,,재생에너지,502010
CA83013Q5095,SYTA,NASDAQ,Siyata Mobile Inc,,"컴퓨터, 전화 및 가전제품",571060
US0051111096,AFIB,NASDAQ,Acutus Medical Inc,,헬스케어 장비 및 용품,561010
KYG9897X1079,ZCMD,NASDAQ,Zhongchao Inc Class A,,비즈니스교육,631030
US4831191030,KALA,NASDAQ,Kala Pharmaceuticals Inc,,제약,562010
US49907V1026,KSCP,NASDAQ,Knightscope Inc Class A,,"건설장비 및 대형차, 기차, 배",521020
US00847L2097,AGRX,NASDAQ,Agile Therapeutics Inc,,생명과학 및 메디컬 리서치,562020
US00165C1045,AMC,NYSE,AMC Entertainment Holdings Inc Class A,,호텔 및 엔터테인먼트,533010
US22530J2006,CREX,NASDAQ,Creative Realities Inc,,소프트웨어 및 IT서비스,572010
US55328R1095,MICT,NASDAQ,MICT Inc,,우주항공 및 국방,521010
US82452T1079,SFT,NASDAQ,Shift Technologies Inc Class A,,전문품 상점,534030
JP3436100006,SFT,NASDAQ,Shift Technologies Inc Class A,,전문품 상점,534030
US91680M1071,UPST,NASDAQ,Upstart Holdings Inc,,은행,551010
US92918V1098,VRM,NASDAQ,Vroom Inc,,소프트웨어 및 IT서비스,572010
US64131A1051,STIM,NASDAQ,Neuronetics Inc,,헬스케어 장비 및 용품,561010
US64131A1051,NRC,NASDAQ,National Research Corp,,전문 및 상업 서비스,522030
US29970R1059,EVAX,NASDAQ,Evaxion Biotech A/S ADR,,생명과학 및 메디컬 리서치,562020
US45791E1073,ISPO,NASDAQ,Inspirato Inc Class A,,호텔 및 엔터테인먼트,533010
US0396971071,ARDX,NASDAQ,Ardelyx Inc,,생명과학 및 메디컬 리서치,562020
CA87261Y1060,TMC,NASDAQ,TMC the metals company Inc,,메탈&마이닝,512010
US6963891055,PALI,NASDAQ,Palisade Bio Inc,,생명과학 및 메디컬 리서치,562020
US0758961009,BBBY,NASDAQ,Bed Bath & Beyond Inc,,전문품 상점,534030
US0758961009,BBY,S&P500,Best Buy,Consumer Discretionary,Computer & Electronics Retail,
US0758961009,BBY,NYSE,Best Buy Co Inc,,전문품 상점,534030
US86887P2002,CEAD,NASDAQ,CEA Industries Inc,,"건설장비 및 대형차, 기차, 배",521020
CA00971M1068,AKAN,NASDAQ,Akanda Corp,,제약,562010
US71948P1003,PHUN,NASDAQ,Phunware Inc,,소프트웨어 및 IT서비스,572010
US23306J1016,DBVT,NASDAQ,Dbv Technologies SA ADR,,제약,562010
US85789A1051,MITO,NASDAQ,Stealth BioTherapeutics Corp ADR,,생명과학 및 메디컬 리서치,562020
US42240Q1040,HTCR,NASDAQ,HeartCore Enterprises Inc,,소프트웨어 및 IT서비스,572010
VGG1144D1096,BTB,NASDAQ,Bit Brother Ltd Class A,,식품 및 약품소매,543010
US65344G1022,NXTP,NASDAQ,Nextplay Technologies Inc,,소프트웨어 및 IT서비스,572010
US13471N2018,CANF,AMEX,Can Fite Biopharma Ltd ADR,,제약,562010
US00972D1054,AKBA,NASDAQ,Akebia Therapeutics Inc,,생명과학 및 메디컬 리서치,562020
US2075231017,CNTB,NASDAQ,Connect Biopharma Holdings Ltd ADR,,생명과학 및 메디컬 리서치,562020
US89977P1066,TOUR,NASDAQ,Tuniu Corp ADR Class A,,호텔 및 엔터테인먼트,533010
US42238H1086,BEAT,NASDAQ,Heartbeam Inc,,소프트웨어 및 IT서비스,572010
US9616842061,WWR,AMEX,Westwater Resources Inc,,메탈&마이닝,512010
NL0015000N74,SEV,NASDAQ,Sono Group NV,,자동차 및 자동차 부품,531010
US0518571007,JG,NASDAQ,Aurora Mobile Ltd ADR,,소프트웨어 및 IT서비스,572010
US6412558073,NURO,NASDAQ,NeuroMetrix Inc,,헬스케어 장비 및 용품,561010
US23816M1071,DATS,NASDAQ,DatChat Inc,,소프트웨어 및 IT서비스,572010
US98741L1017,TKLF,NASDAQ,Yoshitsu Co Ltd ADR,,식품 및 약품소매,543010
US00507V1098,ATVI,S&P500,Activision Blizzard,Communication Services,Interactive Home Entertainment,
US00507V1098,ATVI,NASDAQ,Activision Blizzard Inc,,소프트웨어 및 IT서비스,572010
US09609G1004,BLUE,NASDAQ,bluebird bio Inc,,생명과학 및 메디컬 리서치,562020
US09609G1004,BLE,NYSE,BlackRock Municipal Income II Closed Fund,,다양한 금융서비스,555010
US5894921072,MREO,NASDAQ,Mereo Biopharma Group PLC ADR,,생명과학 및 메디컬 리서치,562020
US48669G1058,KZIA,NASDAQ,Kazia Therapeutics Ltd ADR,,생명과학 및 메디컬 리서치,562020
US60743F5089,MOBQ,NASDAQ,Mobiquity Technologies Inc,,미디어 및 출판,533020
US00788A1051,ADN,NASDAQ,Advent Technologies Holdings Inc Class A,,재생에너지,502010
VGG6483G1000,NEGG,NASDAQ,Newegg Commerce Inc,,소프트웨어 및 IT서비스,572010
US8677814035,SBFM,NASDAQ,Sunshine Biopharma Inc,,제약,562010
US87807D1037,TCBP,NASDAQ,TC BioPharm Ltd ADR,,생명과학 및 메디컬 리서치,562020
US88688T1007,TLRY,NASDAQ,Tilray Brands Inc,,제약,562010
US0198181036,ALVR,NASDAQ,Allovir Inc,,생명과학 및 메디컬 리서치,562020
CA45257F2008,IPA,NASDAQ,Immunoprecise Antibodies Ltd,,제약,562010
US88105P1030,LLAP,NYSE,Terran Orbital Corp,,우주항공 및 국방,521010
US7995661045,SANA,NASDAQ,Sana Biotechnology Inc,,생명과학 및 메디컬 리서치,562020
US8177631053,SESN,NASDAQ,Sesen Bio Inc,,생명과학 및 메디컬 리서치,562020
US29415C1018,EOSE,NASDAQ,Eos Energy Enterprises Inc Class A,,"건설장비 및 대형차, 기차, 배",521020
US04685N1037,ATNX,NASDAQ,Athenex Inc,,생명과학 및 메디컬 리서치,562020
US15672X1028,CISO,NASDAQ,Cerberus Cyber Sentinel Corp,,소프트웨어 및 IT서비스,572010
GB00BYW6GV68,GSM,NASDAQ,Ferroglobe PLC,,메탈&마이닝,512010
US76674Q1076,RMNI,NASDAQ,Rimini Street Inc,,소프트웨어 및 IT서비스,572010
US62464R1095,MITQ,AMEX,Moving Image Technologies Inc,,"컴퓨터, 전화 및 가전제품",571060
US7707001027,HOOD,NASDAQ,Robinhood Markets Inc Class A,,핀테크,573010
VGG8675X1235,TANH,NASDAQ,Tantech Holdings Ltd,,"개인, 가정 용품 및 서비스",542010
US98872L1026,YMTX,NASDAQ,Yumanity Therapeutics Inc,,생명과학 및 메디컬 리서치,562020
US23257B1070,CYN,NASDAQ,CYNGN Inc,,소프트웨어 및 IT서비스,572010
US83304A1060,SNAP,NYSE,Snap Inc Class A,,소프트웨어 및 IT서비스,572010
US74006W1080,PRAX,NASDAQ,Praxis Precision Medicines Inc,,생명과학 및 메디컬 리서치,562020
US92023M1018,VLON,NASDAQ,Vallon Pharmaceuticals Inc,,생명과학 및 메디컬 리서치,562020
US2057503003,LODE,AMEX,Comstock Inc,,재생에너지,502010
US2057503003,GSP,HOSE,International Gas Product Shipping JSC,,오일 및 가스 장비 및 서비스,501030
US47089W1045,JAN,NASDAQ,Janone Inc,,생명과학 및 메디컬 리서치,562020
US7477981069,QD,NYSE,Qudian Inc ADR Class A,,핀테크,573010
US6475812060,EDU,NYSE,New Oriental Education & Technology Group Inc ADR,,교육서비스,631010
US09523Q2003,APRN,NYSE,Blue Apron Holdings Inc Class A,,식품 및 담배,541020
US3455231049,FRSX,NASDAQ,Foresight Autonomous Holdings Ltd ADR,,소프트웨어 및 IT서비스,572010
US5537451008,MSPR,NASDAQ,MSP Recovery Inc Class A,,보험,553010
US15673X1019,CPTN,NASDAQ,Cepton Inc,,전자 장비 및 부품,571040
AU0000205205,DCFC,NASDAQ,Tritium Dcfc Ltd,,"건설장비 및 대형차, 기차, 배",521020
CA30069C8016,EXN,AMEX,Excellon Resources Inc,,메탈&마이닝,512010
US57403M1045,MGLD,AMEX,Marygold Companies Inc,,투자은행 및 서비스,551020
CA26142Q2053,DPRO,NASDAQ,Draganfly Inc,,우주항공 및 국방,521010
US83370P1021,SOPA,NASDAQ,Society Pass Inc,,소프트웨어 및 IT서비스,572010
US88080T1043,WULF,NASDAQ,Terawulf Inc,,핀테크,573010
US69924M1099,PZG,AMEX,Paramount Gold Nevada Corp,,메탈&마이닝,512010
BMG0360L1000,CYTO,NASDAQ,Altamira Therapeutics Ltd,,생명과학 및 메디컬 리서치,562020
US92852R4039,VIVK,NASDAQ,Vivakor Inc,,전문 및 상업 서비스,522030
CA1867601041,CLVR,NASDAQ,Clever Leaves Holdings Inc,,제약,562010
US02155X1063,ATHE,NASDAQ,Alterity Therapeutics Ltd ADR,,생명과학 및 메디컬 리서치,562020
US81367P1012,SECO,NASDAQ,Secoo Holding Ltd ADR,,소프트웨어 및 IT서비스,572010
US70465T1079,PDSB,NASDAQ,PDS Biotechnology Corp,,생명과학 및 메디컬 리서치,562020
US7602731025,RPTX,NASDAQ,Repare Therapeutics Inc,,생명과학 및 메디컬 리서치,562020
KYG720071003,PBTS,NASDAQ,Powerbridge Technologies Co Ltd,,소프트웨어 및 IT서비스,572010
US09175M1018,NILE,AMEX,Bitnile Holdings Inc,,핀테크,573010
US8116991071,SEAC,NASDAQ,SeaChange International Inc,,소프트웨어 및 IT서비스,572010
IL0010832371,CYRN,NASDAQ,Cyren Ltd,,소프트웨어 및 IT서비스,572010
US46264C2061,AUID,NASDAQ,Authid Inc,,소프트웨어 및 IT서비스,572010
US46264C2061,AUID,NASDAQ,Authid Inc,,소프트웨어 및 IT서비스,572010
KYG9411M1087,UTME,NASDAQ,Utime Ltd,,"컴퓨터, 전화 및 가전제품",571060
US8091711015,SCPS,NASDAQ,Scopus Biopharma Inc,,생명과학 및 메디컬 리서치,562020
US29358Y2019,ENSV,AMEX,Enservco Corp,,오일 및 가스 장비 및 서비스,501030
US58406B1035,MDVL,NASDAQ,MedAvail Holdings Inc,,"건설장비 및 대형차, 기차, 배",521020
US71880W3034,PHIO,NASDAQ,Phio Pharmaceuticals Corp,,생명과학 및 메디컬 리서치,562020
US12529R1077,CCCC,NASDAQ,C4 Therapeutics Inc,,생명과학 및 메디컬 리서치,562020
US00180G1067,AMTD,NYSE,AMTD IDEA Group ADR,,투자은행 및 서비스,551020
US67577C1053,OCGN,NASDAQ,Ocugen Inc,,생명과학 및 메디컬 리서치,562020
US08205P1003,BNTC,NASDAQ,Benitec Biopharma Inc,,생명과학 및 메디컬 리서치,562020
US92942V1098,VYNT,NASDAQ,Vyant Bio Inc,,생명과학 및 메디컬 리서치,562020
US63008J1088,NAOV,NASDAQ,Nanovibronix Inc,,헬스케어 장비 및 용품,561010
US88066N1054,TNON,NASDAQ,Tenon Medical Inc,,헬스케어 장비 및 용품,561010
KYG2161Y1098,CLEU,NASDAQ,China Liberal Education Holdings Ltd,,교육서비스,631010
US0557MQ2066,BTBD,NASDAQ,Bt Brands Inc,,호텔 및 엔터테인먼트,533010
US1031741085,BOXD,NYSE,Boxed Inc,,다양한 소매업,534020
US62857J2015,MYO,AMEX,Myomo Inc,,헬스케어 장비 및 용품,561010
US12430A1025,BZFD,NASDAQ,BuzzFeed Inc Class A,,소프트웨어 및 IT서비스,572010
US68236P1075,ONCT,NASDAQ,Oncternal Therapeutics Inc,,생명과학 및 메디컬 리서치,562020
US64130M2098,NMTC,NASDAQ,Neuroone Medical Technologies Corp,,헬스케어 장비 및 용품,561010
US42328V6039,HSDT,NASDAQ,Helius Medical Technologies Inc Class A,,헬스케어 장비 및 용품,561010
US5504241051,LAZR,NASDAQ,Luminar Technologies Inc Class A,,자동차 및 자동차 부품,531010
US9183851057,VTVT,NASDAQ,vTv Therapeutics Inc Class A,,생명과학 및 메디컬 리서치,562020
CA3397641026,FLGC,NASDAQ,Flora Growth Corp,,헬스케어 업체 및 서비스,561020
US30049G2030,EVOK,NASDAQ,Evoke Pharma Inc,,제약,562010
US00484M6012,ACOR,NASDAQ,Acorda Therapeutics Inc,,생명과학 및 메디컬 리서치,562020
US85513Q1031,STRR,NASDAQ,Star Equity Holdings Inc,,헬스케어 업체 및 서비스,561020
BMG9525W1091,WEJO,NASDAQ,Wejo Group Ltd,,전문 및 상업 서비스,522030
US03828V1052,AUVI,NASDAQ,Applied UV Inc,,"건설장비 및 대형차, 기차, 배",521020
US65487U1088,NKTX,NASDAQ,Nkarta Inc,,생명과학 및 메디컬 리서치,562020
US29604W1080,ERYP,NASDAQ,Erytech Pharma SA ADR,,생명과학 및 메디컬 리서치,562020
US23786R2013,DTST,NASDAQ,Data Storage Corp,,소프트웨어 및 IT서비스,572010
IL0010830961,SPCB,NASDAQ,Supercom Ltd,,소프트웨어 및 IT서비스,572010
US74766W1080,QUBT,NASDAQ,Quantum Computing Inc,,소프트웨어 및 IT서비스,572010
US1508376076,CVM,AMEX,CEL-SCI Corp,,제약,562010
US42309B2043,HLBZ,NASDAQ,Helbiz Inc Class A,,"개인, 가정 용품 및 서비스",542010
US36269B1052,GANX,NASDAQ,Gain Therapeutics Inc,,생명과학 및 메디컬 리서치,562020
US00444P1084,ACER,NASDAQ,Acer Therapeutics Inc,,생명과학 및 메디컬 리서치,562020
US25401N1019,DBGI,NASDAQ,Digital Brands Group Inc,,전문품 상점,534030
US45408X3089,IGC,AMEX,India Globalization Capital Inc,,전문 및 상업 서비스,522030
US0956331039,BJDX,NASDAQ,Bluejay Diagnostics Inc,,헬스케어 장비 및 용품,561010
CA98985W1023,ZYME,NYSE,Zymeworks Inc,,생명과학 및 메디컬 리서치,562020
US00848K1016,UAVS,AMEX,Ageagle Aerial Systems Inc,,우주항공 및 국방,521010
US09263B1089,BKSY,NYSE,Blacksky Technology Inc Class A,,커뮤니케이션 및 네트워킹,571020
KYG514001026,JZXN,NASDAQ,Jiuzi Holdings Inc,,전문품 상점,534030
IL0011552663,GMDA,NASDAQ,Gamida Cell Ltd,,생명과학 및 메디컬 리서치,562020
MHY6430L1039,OP,NASDAQ,Oceanpal Inc,,화물 및 물류 서비스,524050
IL0011327454,VBLT,NASDAQ,Vascular Biogenics Ltd,,생명과학 및 메디컬 리서치,562020
VGG6593L1067,NISN,NASDAQ,Nisun International Enterprise Development Group Co Ltd Class A,,핀테크,573010
US05337M1045,AVDL,NASDAQ,Avadel Pharmaceuticals PLC ADR,,제약,562010
IL0011745804,INVZ,NASDAQ,Innoviz Technologies Ltd,,반도체 및 반도체 장비,571010
US58471G3002,MDGS,NASDAQ,Medigus Ltd ADR,,헬스케어 장비 및 용품,561010
CA58490H1073,MDNA,NASDAQ,Medicenna Therapeutics Corp,,생명과학 및 메디컬 리서치,562020
US00773J1034,AGLE,NASDAQ,Aeglea Bio Therapeutics Inc,,생명과학 및 메디컬 리서치,562020
US74969N1037,RLX,NYSE,RLX Technology Inc ADR Class A,,식품 및 담배,541020
US23254L6039,CYCC,NASDAQ,Cyclacel Pharmaceuticals Inc,,생명과학 및 메디컬 리서치,562020
CA4283043079,HEXO,NASDAQ,Hexo Corp,,제약,562010
US67079U1088,NUTX,NASDAQ,Nutex Health Inc,,헬스케어 장비 및 용품,561010
US62844N2080,MYSZ,NASDAQ,My Size Inc,,소프트웨어 및 IT서비스,572010
US71678J1007,PTPI,NASDAQ,Petros Pharmaceuticals Inc,,생명과학 및 메디컬 리서치,562020
US31447E1055,FEMY,NASDAQ,Femasys Inc,,헬스케어 장비 및 용품,561010
US89237H2094,TCON,NASDAQ,TRACON Pharmaceuticals Inc,,제약,562010
BMG889121031,TLSA,NASDAQ,Tiziana Life Sciences Ltd,,생명과학 및 메디컬 리서치,562020
US46583A2042,IVDA,NASDAQ,Iveda Solutions Inc,,통합 하드웨어 및 소프트웨어,571070
US82003F1012,STSS,NASDAQ,Sharps Technology Inc,,헬스케어 장비 및 용품,561010
US63937X2027,NAVB,AMEX,Navidea Biopharmaceuticals Inc,,생명과학 및 메디컬 리서치,562020
US8342233074,SNGX,NASDAQ,Soligenix Inc,,생명과학 및 메디컬 리서치,562020
US0547548745,AYTU,NASDAQ,Aytu Biopharma Inc,,제약,562010
US71715X2036,PMCB,NASDAQ,PharmaCyte Biotech Inc,,제약,562010
US09060U5074,BCDA,NASDAQ,BioCardia Inc,,생명과학 및 메디컬 리서치,562020
US3736785078,GOVX,NASDAQ,GeoVax Labs Inc,,생명과학 및 메디컬 리서치,562020
CA98400H1029,XBIT,NASDAQ,XBiotech Inc,,생명과학 및 메디컬 리서치,562020
US02262M3088,ALZN,NASDAQ,Alzamend Neuro Inc,,생명과학 및 메디컬 리서치,562020
US67577R1023,OCUP,NASDAQ,Ocuphire Pharma Inc,,제약,562010
US00912N2053,AIRI,AMEX,Air Industries Group,,우주항공 및 국방,521010
US30218B1008,XPON,NASDAQ,Expion360 Inc,,"건설장비 및 대형차, 기차, 배",521020
US78472W1045,SQZ,NYSE,SQZ Biotechnologies Co,,생명과학 및 메디컬 리서치,562020
US2936021086,ENSC,NASDAQ,Ensysce Biosciences Inc,,생명과학 및 메디컬 리서치,562020
US00973W1027,KERN,NASDAQ,Akerna Corp,,소프트웨어 및 IT서비스,572010
US1920031010,DNAY,NASDAQ,Codex DNA Inc,,헬스케어 장비 및 용품,561010
US40145Q4010,GHSI,NASDAQ,Guardion Health Sciences Inc,,제약,562010
VGG870841100,PETZ,NASDAQ,TDH Holdings Inc,,식품 및 담배,541020
US88362L1008,THMO,NASDAQ,Thermogenesis Holdings Inc,,사무기기,571050
US60879E1010,MNTS,NASDAQ,Momentus Inc Class A,,우주항공 및 국방,521010
US95075A1079,HOWL,NASDAQ,Werewolf Therapeutics Inc,,생명과학 및 메디컬 리서치,562020
US92941V2097,VYNE,NASDAQ,Vyne Therapeutics Inc,,제약,562010
US28059P1057,EDBL,NASDAQ,Edible Garden AG Inc,,식품 및 담배,541020
US5393192027,LIXT,NASDAQ,Lixte Biotechnology Holdings Inc,,생명과학 및 메디컬 리서치,562020
US45845P1084,ICPT,NASDAQ,Intercept Pharmaceuticals Inc,,생명과학 및 메디컬 리서치,562020
US76954A1034,RIVN,NASDAQ,Rivian Automotive Inc Class A,,자동차 및 자동차 부품,531010
US21077C1071,WISH,NASDAQ,ContextLogic Inc Class A,,소프트웨어 및 IT서비스,572010
US5949603048,MVIS,NASDAQ,MicroVision Inc,,전자 장비 및 부품,571040
US22266T1097,CPNG,NYSE,Coupang Inc Class A,,다양한 소매업,534020
BMG667211046,NCLH,S&P500,Norwegian Cruise Line Holdings,Consumer Discretionary,"Hotels, Resorts & Cruise Lines",
BMG667211046,NCLH,NYSE,Norwegian Cruise Line Holdings Ltd,,호텔 및 엔터테인먼트,533010
US6541101050,NKLA,NASDAQ,Nikola Corp,,자동차 및 자동차 부품,531010
US26853E1029,EH,NASDAQ,EHang Holdings Ltd ADR,,우주항공 및 국방,521010
US02376R1023,AAL,S&P500,American Airlines Group,Industrials,Airlines,
US02376R1023,AAL,NASDAQ,American Airlines Group Inc,,운송업,524060
PA1436583006,CCL,S&P500,Carnival,Consumer Discretionary,"Hotels, Resorts & Cruise Lines",
PA1436583006,CCL,NYSE,Carnival Corp,,호텔 및 엔터테인먼트,533010
PA1436583006,CCL,HOSE,Cuu Long Petro Urban Development and Investment Corp,,부동산 운영 관리,601010
US1729674242,CCL,S&P500,Carnival,Consumer Discretionary,"Hotels, Resorts & Cruise Lines",
US1729674242,CCL,NYSE,Carnival Corp,,호텔 및 엔터테인먼트,533010
US1729674242,CCL,HOSE,Cuu Long Petro Urban Development and Investment Corp,,부동산 운영 관리,601010
US2546871060,DIS,S&P500,Disney,Communication Services,Movies & Entertainment,
US2546871060,DIS,NYSE,Walt Disney Co,,미디어 및 출판,533020
US7710491033,RBLX,NYSE,Roblox Corp Class A,,소프트웨어 및 IT서비스,572010
US0378331005,AAPL,S&P500,Apple Inc.,Information Technology,"Technology Hardware, Storage & Peripherals",
US0378331005,AAPL,NASDAQ,Apple Inc,,"컴퓨터, 전화 및 가전제품",571060
US0378331005,APC,HOSE,An Phu Irradiation JSC,,전문 및 상업 서비스,522030
US18914F1030,CLOV,NASDAQ,Clover Health Investments Corp Class A,,헬스케어 장비 및 용품,561010
LR0008862868,RCL,S&P500,Royal Caribbean Group,Consumer Discretionary,"Hotels, Resorts & Cruise Lines",
LR0008862868,RCL,NYSE,Royal Caribbean Cruises Ltd,,호텔 및 엔터테인먼트,533010
US52567D1072,LMND,NYSE,Lemonade Inc,,보험,553010
US00206R1023,T,S&P500,AT&T,Communication Services,Integrated Telecommunication Services,
US00206R1023,T,NYSE,AT&T Inc,,통신 서비스,574010
CA87971M1032,T,S&P500,AT&T,Communication Services,Integrated Telecommunication Services,
CA87971M1032,T,NYSE,AT&T Inc,,통신 서비스,574010
US00206R1023,TCL,HOSE,Tan Cang Logistics and Stevedoring JSC,,운송 인프라,524070
US2473617023,DAL,S&P500,Delta Air Lines,Industrials,Airlines,
US2473617023,DAL,NYSE,Delta Air Lines Inc,,운송업,524060
US37045V1008,GM,S&P500,General Motors,Consumer Discretionary,Automobile Manufacturers,
US37045V1008,GM,NYSE,General Motors Co,,자동차 및 자동차 부품,531010
US64110L1061,NFLX,S&P500,Netflix,Communication Services,Movies & Entertainment,
US64110L1061,NFLX,NASDAQ,Netflix Inc,,소프트웨어 및 IT서비스,572010
US45258H1068,IMMX,NASDAQ,Immix Biopharma Inc,,생명과학 및 메디컬 리서치,562020
US45765Y2046,ISIG,NASDAQ,Insignia Systems Inc,,미디어 및 출판,533020
US5949181045,MSFT,S&P500,Microsoft,Information Technology,Systems Software,
US5949181045,MSFT,NASDAQ,Microsoft Corp,,소프트웨어 및 IT서비스,572010
US67066G1040,NVDA,S&P500,Nvidia,Information Technology,Semiconductors,
US67066G1040,NVDA,NASDAQ,NVIDIA Corp,,반도체 및 반도체 장비,571010
US70450Y1038,PYPL,S&P500,PayPal,Information Technology,Data Processing & Outsourced Services,
US70450Y1038,PYPL,NASDAQ,PayPal Holdings Inc,,소프트웨어 및 IT서비스,572010
US15961R1059,CHPT,NYSE,ChargePoint Holdings Inc Class A,,전기 유틸리티,591010
US61945C1036,MOS,S&P500,The Mosaic Company,Materials,Fertilizers & Agricultural Chemicals,
US61945C1036,MOS,NYSE,Mosaic Co,,화학,511010
US5168062058,LPI,NYSE,Laredo Petroleum Inc,,오일 및 가스,501020
US22052L1044,CTVA,S&P500,Corteva,Materials,Fertilizers & Agricultural Chemicals,
US22052L1044,CTVA,NYSE,Corteva Inc,,식품 및 담배,541020
US88160R1014,TSLA,S&P500,"Tesla, Inc.",Consumer Discretionary,Automobile Manufacturers,
US88160R1014,TSLA,NASDAQ,Tesla Inc,,자동차 및 자동차 부품,531010
US0090661010,ABNB,NASDAQ,Airbnb Inc Class A,,소프트웨어 및 IT서비스,572010
US1667641005,CVX,S&P500,Chevron Corporation,Energy,Integrated Oil & Gas,
US1667641005,CVX,NYSE,Chevron Corp,,오일 및 가스,501020
US5533681012,MP,NYSE,MP Materials Corp Class A,,메탈&마이닝,512010
CA9237251058,VET,NYSE,Vermilion Energy Inc,,오일 및 가스,501020
US6745991058,OXY,S&P500,Occidental Petroleum,Energy,Oil & Gas Exploration & Production,
US6745991058,OXY,NYSE,Occidental Petroleum Corp,,오일 및 가스,501020
US6745991058,OPC,HOSE,OPC Pharmaceutical JSC,,제약,562010
US69047Q1022,OVV,NYSE,Ovintiv Inc,,오일 및 가스,501020
CA6744822033,OBE,AMEX,Obsidian Energy Ltd,,오일 및 가스,501020
US78454L1008,SM,NYSE,SM Energy Co,,오일 및 가스,501020
US25179M1036,DVN,S&P500,Devon Energy,Energy,Oil & Gas Exploration & Production,
US25179M1036,DVN,NYSE,Devon Energy Corp,,오일 및 가스,501020
CA15135U1093,CVE,NYSE,Cenovus Energy Inc,,오일 및 가스,501020
US00724F1012,ADBE,S&P500,Adobe Inc.,Information Technology,Application Software,
US00724F1012,ADBE,NASDAQ,Adobe Inc,,소프트웨어 및 IT서비스,572010
USN070592100,ASML,NASDAQ,ASML Holding NV ADR,,반도체 및 반도체 장비,571010
US30231G1022,XOM,S&P500,ExxonMobil,Energy,Integrated Oil & Gas,
US30231G1022,XOM,NYSE,Exxon Mobil Corp,,오일 및 가스,501020
US0079031078,AMD,S&P500,AMD,Information Technology,Semiconductors,
US0079031078,AMD,NASDAQ,Advanced Micro Devices Inc,,반도체 및 반도체 장비,571010
US0079031078,AMD,HOSE,FLC Stone Mining and Investment JSC,,다양한 산업재 도매업,522020
CA13321L1085,CCO,NYSE,Clear Channel Outdoor Holdings Inc,,미디어 및 출판,533020
CA13321L1085,CCJ,NYSE,Cameco Corp,,우라늄,503010
US03837C1062,APYX,NASDAQ,Apyx Medical Corp,,헬스케어 장비 및 용품,561010
US42227W1080,HCTI,NASDAQ,Healthcare Triangle Inc,,소프트웨어 및 IT서비스,572010
US35804X1019,VINE,AMEX,Fresh Vine Wine Inc,,음료,541010
US7574681034,RDHL,NASDAQ,Redhill Biopharma Ltd ADR,,제약,562010
IL0011715781,IINN,NASDAQ,Inspira Technologies Oxy BHN Ltd,,헬스케어 장비 및 용품,561010
US88032L2097,TENX,NASDAQ,Tenax Therapeutics Inc,,생명과학 및 메디컬 리서치,562020
KYG3R33A1063,EBON,NASDAQ,Ebang International Holdings Inc Class A,,"컴퓨터, 전화 및 가전제품",571060
US7615256093,REV,NYSE,Revlon Inc Class A,,"개인, 가정 용품 및 서비스",542010
US85572U1025,STRY,NYSE,Starry Group Holdings Inc Class A,,통신 서비스,574010
US48208F1057,JUPW,NASDAQ,Jupiter Wellness Inc,,"개인, 가정 용품 및 서비스",542010
US92771A1016,VORB,NASDAQ,Virgin Orbit Holdings Inc,,우주항공 및 국방,521010
US8361001071,SOUN,NASDAQ,SoundHound AI Inc Class A,,소프트웨어 및 IT서비스,572010
US80706P1030,SRRK,NASDAQ,Scholar Rock Holding Corp,,생명과학 및 메디컬 리서치,562020
US20037C1080,CMRA,NASDAQ,Comera Life Sciences Holdings Inc,,생명과학 및 메디컬 리서치,562020
US7172241090,PHAS,NASDAQ,PhaseBio Pharmaceuticals Inc,,생명과학 및 메디컬 리서치,562020
US03237H1014,AMLX,NASDAQ,Amylyx Pharmaceuticals Inc,,제약,562010
US7589321071,RGS,NYSE,Regis Corp,,"개인, 가정 용품 및 서비스",542010
US19240Q2012,COGT,NASDAQ,Cogent Biosciences Inc,,생명과학 및 메디컬 리서치,562020
US8293224031,MICS,NASDAQ,Singing Machine Company Inc,,"컴퓨터, 전화 및 가전제품",571060
US7091028008,PEI,NYSE,Pennsylvania Real Estate Investment Trust,,주택 및 상업용 리츠,601020
US8261651025,SIDU,NASDAQ,Sidus Space Inc Class A,,우주항공 및 국방,521010
US00973Y1082,AKRO,NASDAQ,Akero Therapeutics Inc,,생명과학 및 메디컬 리서치,562020
US03843E1047,AQST,NASDAQ,Aquestive Therapeutics Inc,,제약,562010
US10920G1004,BGXX,NASDAQ,Bright Green Corp,,제약,562010
US72703U1025,PLAG,AMEX,Planet Green Holdings Corp,,식품 및 담배,541020
US28531P1030,ECOR,NASDAQ,electroCore  Inc.,,헬스케어 장비 및 용품,561010
KYG9471C1078,EVTL,NYSE,Vertical Aerospace Ltd,,우주항공 및 국방,521010
US8902608624,TNXP,NASDAQ,Tonix Pharmaceuticals Holding Corp,,생명과학 및 메디컬 리서치,562020
US36117V1052,FTFT,NASDAQ,Future Fintech Group Inc,,핀테크,573010
US16679L1098,CHWY,NYSE,Chewy Inc Class A,,전문품 상점,534030
US92671V1061,VIEW,NASDAQ,View Inc Class A,,주택건설,532030
US05351X1019,AVYA,NYSE,Avaya Holdings Corp,,커뮤니케이션 및 네트워킹,571020
US45254U1016,IMRN,NASDAQ,Immuron Ltd ADR,,제약,562010
US05581M4042,BTCS,NASDAQ,BTCS Inc,,전문 및 상업 서비스,522030
US05581M4042,BIC,HOSE,BIDV Insurance Corp,,보험,553010
US72703X1063,PL,NYSE,Planet Labs PBC Class A,,우주항공 및 국방,521010
US92244V1044,VAXX,NASDAQ,Vaxxinity Inc Class A,,생명과학 및 메디컬 리서치,562020
US35803L1089,FREQ,NASDAQ,Frequency Therapeutics Inc,,생명과학 및 메디컬 리서치,562020
US0906831039,BTMD,NASDAQ,biote Corp Class A,,전문 및 상업 서비스,522030
US0077441055,AERC,NASDAQ,AeroClean Technologies Inc,,전문 및 상업 서비스,522030
US34417J1043,FCUV,NASDAQ,Focus Universal Inc,,소프트웨어 및 IT서비스,572010
US00430H1023,AXDX,NASDAQ,Accelerate Diagnostics Inc,,헬스케어 장비 및 용품,561010
US40434H2031,HTGM,NASDAQ,HTG Molecular Diagnostics Inc,,헬스케어 장비 및 용품,561010
KYG989A61029,TOP,NASDAQ,TOP Financial Group Ltd,,투자은행 및 서비스,551020
CA92838F1018,VEDU,NASDAQ,Visionary Education Technology Holdings Group Inc,,부동산 운영 관리,601010
US8172252046,AIHS,NASDAQ,Senmiao Technology Ltd,,전문품 상점,534030
US46267X1081,IQ,NASDAQ,iQIYI Inc ADR Class A,,소프트웨어 및 IT서비스,572010
US55616P1049,M,NYSE,Macy's Inc,,다양한 소매업,534020
KYG651631007,JOBY,NYSE,Joby Aviation Inc Class A,,우주항공 및 국방,521010
US69353Y1038,PMVP,NASDAQ,PMV Pharmaceuticals Inc,,생명과학 및 메디컬 리서치,562020
US0167441049,ALLR,NASDAQ,Allarity Therapeutics Inc,,생명과학 및 메디컬 리서치,562020
KYG394622081,GMVD,NASDAQ,G Medical Innovations Holdings Ltd,,헬스케어 장비 및 용품,561010
VGG5851A1093,LYT,NASDAQ,Lytus Technologies Holdings Ptv Ltd,,소프트웨어 및 IT서비스,572010
US33749P1012,3660,TSE,Istyle Inc,,다양한 소매업,534020
US87151X1019,SYM,NASDAQ,Symbotic Inc Class A,,"건설장비 및 대형차, 기차, 배",521020
CA88340B1094,VERY,NASDAQ,Vericity Inc,,보험,553010
CA88340B1094,VGFC,NASDAQ,Very Good Food Company Inc,,식품 및 담배,541020
US74915J2069,QTT,NASDAQ,Qutoutiao Inc ADR,,소프트웨어 및 IT서비스,572010
US08773T1043,BTTX,NASDAQ,Better Therapeutics Inc,,생명과학 및 메디컬 리서치,562020
US05552Q2021,BIMI,NASDAQ,Bimi International Medical Inc,,제약,562010
US41150T1088,HCDI,NASDAQ,Harbor Custom Development Inc,,부동산 운영 관리,601010
US04523Y1055,ASPN,NYSE,Aspen Aerogels Inc,,주택건설,532030
US74319F1075,BIOR,NASDAQ,Biora Therapeutics Inc,,생명과학 및 메디컬 리서치,562020
US75955K1025,MARK,NASDAQ,Remark Holdings Inc,,소프트웨어 및 IT서비스,572010
US76135L1017,REVB,NASDAQ,Revelation Biosciences Inc,,생명과학 및 메디컬 리서치,562020
US00437E1029,ACCD,NASDAQ,Accolade Inc,,헬스케어 업체 및 서비스,561020
US34629L1035,FRGE,NYSE,Forge Global Holdings Inc,,핀테크,573010
KYG4013A1076,GSUN,NASDAQ,Golden Sun Education Group Ltd Class A,,교육서비스,631010
US71910P2039,PEV,NASDAQ,Phoenix Motor Inc,,자동차 및 자동차 부품,531010
SG9999014716,WVE,NASDAQ,WAVE Life Sciences Ltd,,생명과학 및 메디컬 리서치,562020
US54975P1021,LU,NYSE,Lufax Holding Ltd ADR,,핀테크,573010
US04746L1044,ATHA,NASDAQ,Athira Pharma Inc,,생명과학 및 메디컬 리서치,562020
US6993743029,PRTK,NASDAQ,Paratek Pharmaceuticals Inc,,제약,562010
JE00BLG2ZQ72,QTNT,NASDAQ,Quotient Ltd,,제약,562010
US74019P1084,DTIL,NASDAQ,Precision BioSciences Inc,,생명과학 및 메디컬 리서치,562020
US90137F1030,XXII,NASDAQ,22nd Century Group Inc,,식품 및 담배,541020
US90137F1030,XXII,AMEX,22nd Century Group Inc,,전문 및 상업 서비스,522030
US14713L1026,CASA,NASDAQ,Casa Systems Inc,,커뮤니케이션 및 네트워킹,571020
US16941T1043,CPHI,AMEX,China Pharma Holdings Inc,,제약,562010
US2498451085,DRMA,NASDAQ,Dermata Therapeutics Inc,,생명과학 및 메디컬 리서치,562020
US75082Q1058,RAIN,NASDAQ,Rain Therapeutics Inc,,생명과학 및 메디컬 리서치,562020
US45257U1088,IMNM,NASDAQ,Immunome Inc,,생명과학 및 메디컬 리서치,562020
US09610B1089,BWV,NASDAQ,Blue Water Vaccines Inc,,제약,562010
US16948W2098,GGE,NASDAQ,Green Giant Inc,,부동산 운영 관리,601010
US44170P1066,HOUR,NASDAQ,Hour Loop Inc,,다양한 소매업,534020
US2700871096,EAR,NASDAQ,Eargo Inc,,헬스케어 장비 및 용품,561010
US83193E1029,EM,NASDAQ,Smart Share Global Ltd ADR,,"컴퓨터, 전화 및 가전제품",571060
US35655L1070,FRLN,NASDAQ,Freeline Therapeutics Holdings PLC ADR,,생명과학 및 메디컬 리서치,562020
SGXZ53262598,EQOS,NASDAQ,Eqonex Ltd,,핀테크,573010
US3724461047,GNPX,NASDAQ,Genprex Inc,,생명과학 및 메디컬 리서치,562020
US24345A5074,DPSI,AMEX,DecisionPoint Systems Inc,,전문품 상점,534030
US89689F3055,TRKA,NASDAQ,Troika Media Group Inc,,미디어 및 출판,533020
US22529Y3099,CELZ,NASDAQ,Creative Medical Technology Holdings Inc,,생명과학 및 메디컬 리서치,562020
US02155H2004,ALT,NASDAQ,Altimmune Inc,,생명과학 및 메디컬 리서치,562020
US84862C2035,SBEV,AMEX,Splash Beverage Group Inc,,음료,541010
US68622E1047,BARK,NYSE,Bark Inc Class A,,전문품 상점,534030
US8728852075,TSRI,NASDAQ,TSR Inc,,소프트웨어 및 IT서비스,572010
US44183U2096,HUSA,AMEX,Houston American Energy Corp,,오일 및 가스,501020
US2935941078,ENVX,NASDAQ,Enovix Corp,,"건설장비 및 대형차, 기차, 배",521020
CA28474P2017,ELBM,NASDAQ,Electra Battery Materials Corp,,메탈&마이닝,512010
US2214132068,COSM,NASDAQ,Cosmos Holdings Inc,,제약,562010
US7665596034,RIGL,NASDAQ,Rigel Pharmaceuticals Inc,,생명과학 및 메디컬 리서치,562020
US1347481020,CAN,NASDAQ,Canaan Inc ADR,,"컴퓨터, 전화 및 가전제품",571060
US53934A1152,LXEH,NASDAQ,Lixiang Education Holding Co Ltd ADR,,학교,631020
US83542D1028,SOND,NASDAQ,Sonder Holdings Inc Class A,,호텔 및 엔터테인먼트,533010
US2787001096,EBET,NASDAQ,Ebet Inc,,호텔 및 엔터테인먼트,533010
US8900232039,TOMZ,NASDAQ,TOMI Environmental Solutions Inc,,전문 및 상업 서비스,522030
US90364P1057,PATH,NYSE,UiPath Inc Class A,,소프트웨어 및 IT서비스,572010
US83587F2020,SRNE,NASDAQ,Sorrento Therapeutics Inc,,생명과학 및 메디컬 리서치,562020
US00091E1091,ABSI,NASDAQ,Absci Corp,,생명과학 및 메디컬 리서치,562020
US0980703039,BBLG,NASDAQ,Bone Biologics Corp,,헬스케어 장비 및 용품,561010
US86184W1062,STON,NYSE,Stonemor Inc,,"개인, 가정 용품 및 서비스",542010
US83558L2043,SNOA,NASDAQ,Sonoma Pharmaceuticals Inc,,제약,562010
NL0015000PB5,ZGN,NYSE,Ermenegildo Zegna NV,,섬유 및 의류,532020
US2270461096,CROX,NASDAQ,Crocs Inc,,섬유 및 의류,532020
US89532M1018,TRVI,NASDAQ,Trevi Therapeutics Inc,,생명과학 및 메디컬 리서치,562020
US84833T1034,SPRO,NASDAQ,Spero Therapeutics Inc,,생명과학 및 메디컬 리서치,562020
US67092M2089,NTRB,NASDAQ,Nutriband Inc,,헬스케어 장비 및 용품,561010
US9118053076,USEG,NASDAQ,US Energy Corp,,오일 및 가스,501020
US09075X1081,BDSX,NASDAQ,Biodesix Inc,,헬스케어 업체 및 서비스,561020
US82935V2088,SGLY,NASDAQ,Singularity Future Technology Ltd,,핀테크,573010
US55279B2025,MEIP,NASDAQ,MEI Pharma Inc,,생명과학 및 메디컬 리서치,562020
CA66510M2040,NAK,AMEX,Northern Dynasty Minerals Ltd,,메탈&마이닝,512010
US8730483000,IDAI,NASDAQ,T Stamp Inc Class A,,소프트웨어 및 IT서비스,572010
US45249V1070,IMRA,NASDAQ,Imara Inc,,생명과학 및 메디컬 리서치,562020
KYG7415M1244,RCON,NASDAQ,Recon Technology Ltd Class A,,오일 및 가스 장비 및 서비스,501030
US04683R1068,AVIR,NASDAQ,Atea Pharmaceuticals Inc,,생명과학 및 메디컬 리서치,562020
US87200P1093,SST,NYSE,System1 Inc Class A,,소프트웨어 및 IT서비스,572010
US04537Y1091,AWH,NASDAQ,Aspira Women's Health Inc,,생명과학 및 메디컬 리서치,562020
CH0048265513,RIG,NYSE,Transocean Ltd,,오일 및 가스 장비 및 서비스,501030
MHY673051212,PSHG,NASDAQ,Performance Shipping Inc,,화물 및 물류 서비스,524050
US6551871022,ACON,NASDAQ,Aclarion Inc,,생명과학 및 메디컬 리서치,562020
US83085C1071,SKYH,AMEX,Sky Harbour Group Corp Class A,,운송 인프라,524070
US92337C1045,VSTM,NASDAQ,Verastem Inc,,생명과학 및 메디컬 리서치,562020
US52886N4060,LEXX,NASDAQ,Lexaria Bioscience Corp,,제약,562010
US3073591097,FFIE,NASDAQ,Faraday Future Intelligent Electric Inc,,자동차 및 자동차 부품,531010
US49720K1016,KTRA,NASDAQ,Kintara Therapeutics Inc,,생명과학 및 메디컬 리서치,562020
US74587B1017,PLSE,NASDAQ,Pulse Biosciences Inc,,헬스케어 장비 및 용품,561010
US92915B1061,VYGR,NASDAQ,Voyager Therapeutics Inc,,생명과학 및 메디컬 리서치,562020
US45168K4058,IDRA,NASDAQ,Idera Pharmaceuticals Inc,,생명과학 및 메디컬 리서치,562020
US25445D1019,DDL,NYSE,Dingdong (Cayman) Ltd ADR,,소프트웨어 및 IT서비스,572010
US9168961038,UEC,AMEX,Uranium Energy Corp,,우라늄,503010
US29268T4094,EFOI,NASDAQ,Energy Focus Inc,,주택건설,532030
US74365A3095,PLX,AMEX,Protalix Biotherapeutics Inc,,생명과학 및 메디컬 리서치,562020
US74365A3095,PLX,HOSE,Vietnam National Petroleum Group,,오일 및 가스,501020
US85209E1091,SPRB,NASDAQ,Spruce Biosciences Inc,,생명과학 및 메디컬 리서치,562020
US8964383066,TRIB,NASDAQ,Trinity Biotech PLC ADR Class A,,헬스케어 장비 및 용품,561010
US31187R1005,FSRD,NASDAQ,Fast Radius Inc Class A,,소프트웨어 및 IT서비스,572010
US8454671095,SWN,NYSE,Southwestern Energy Co,,오일 및 가스,501020
US6402681083,NKTR,NASDAQ,Nektar Therapeutics,,제약,562010
AU0000198582,CENN,NASDAQ,Cenntro Electric Group Ltd,,자동차 및 자동차 부품,531010
NL0015000TA9,ALLG,NYSE,Allego NV,,"건설장비 및 대형차, 기차, 배",521020
US55234L1052,LYRA,NASDAQ,Lyra Therapeutics Inc,,생명과학 및 메디컬 리서치,562020
US03837J1016,AQMS,NASDAQ,Aqua Metals Inc,,메탈&마이닝,512010
CA98980M1095,ZOM,AMEX,Zomedica Corp,,생명과학 및 메디컬 리서치,562020
US04965G1094,BCEL,NASDAQ,Atreca Inc Class A,,생명과학 및 메디컬 리서치,562020
IL0011475949,RVSN,NASDAQ,Rail Vision Ltd,,전자 장비 및 부품,571040
LU2360697374,FREY,NYSE,FREYR Battery SA,,"건설장비 및 대형차, 기차, 배",521020
US92864V1035,VLCN,NASDAQ,Volcon Inc,,자동차 및 자동차 부품,531010
US02079K3059,GOOGL,S&P500,Alphabet Inc. (Class A),Communication Services,Interactive Media & Services,
US02079K3059,GOOGL,NASDAQ,Alphabet Inc Class A,,소프트웨어 및 IT서비스,572010
US8552441094,SBUX,S&P500,Starbucks,Consumer Discretionary,Restaurants,
US8552441094,SBUX,NASDAQ,Starbucks Corp,,호텔 및 엔터테인먼트,533010
US8552441094,4337,TSE,Pia Corp,,호텔 및 엔터테인먼트,533010
US7134481081,PEP,S&P500,PepsiCo,Consumer Staples,Soft Drinks,
US7134481081,PEP,NASDAQ,PepsiCo Inc,,음료,541010
US7475251036,QCOM,S&P500,Qualcomm,Information Technology,Semiconductors,
US7475251036,QCOM,NASDAQ,Qualcomm Inc,,반도체 및 반도체 장비,571010
US7427181091,PG,S&P500,Procter & Gamble,Consumer Staples,Personal Products,
US7427181091,PG,NYSE,Procter & Gamble Co,,"개인, 가정 용품 및 서비스",542010
US7427181091,PRG,NYSE,PROG Holdings Inc,,"개인, 가정 용품 및 서비스",542010
US1912161007,KO,S&P500,The Coca-Cola Company,Consumer Staples,Soft Drinks,
US1912161007,KO,NYSE,Coca-Cola Co,,음료,541010
US0394831020,ADM,S&P500,ADM,Consumer Staples,Agricultural Products,
US0394831020,ADM,NYSE,Archer-Daniels-Midland Co,,식품 및 담배,541020
US0970231058,BA,S&P500,Boeing,Industrials,Aerospace & Defense,
US0970231058,BA,NYSE,Boeing Co,,우주항공 및 국방,521010
US0970231058,BCO,NYSE,Brinks Co,,전문 및 상업 서비스,522030
US0970231058,BOE,NYSE,BlackRock Enhanced Global Dividend Closed End Fund,,다양한 금융서비스,555010
US11135F1012,AVGO,S&P500,Broadcom Inc.,Information Technology,Semiconductors,
US11135F1012,AVGO,NASDAQ,Broadcom Inc,,반도체 및 반도체 장비,571010
US30303M1027,META,S&P500,Meta Platforms,Communication Services,Interactive Media & Services,
US30303M1027,META,NASDAQ,Meta Platforms Inc Class A,,소프트웨어 및 IT서비스,572010
IL0065100930,ZIM,NYSE,ZIM Integrated Shipping Services Ltd,,화물 및 물류 서비스,524050
US6541061031,NKE,S&P500,"Nike, Inc.",Consumer Discretionary,"Apparel, Accessories & Luxury Goods",
US6541061031,NKE,NYSE,Nike Inc Class B,,섬유 및 의류,532020
US4781601046,JNJ,S&P500,Johnson & Johnson,Health Care,Pharmaceuticals,
US4781601046,JNJ,NYSE,Johnson & Johnson,,제약,562010
US91324P1021,UNH,S&P500,UnitedHealth Group,Health Care,Managed Health Care,
US91324P1021,UNH,NYSE,UnitedHealth Group Inc,,헬스케어 업체 및 서비스,561020
US0605051046,BAC,S&P500,Bank of America,Financials,Diversified Banks,
US0605051046,BAC,NYSE,Bank of America Corp,,은행,551010
US92343V1044,BAC,S&P500,Bank of America,Financials,Diversified Banks,
US92343V1044,BAC,NYSE,Bank of America Corp,,은행,551010
US0605051046,BOAC,NYSE,Bluescape Opportunities Acquisition Corp Class A,,기타 금융업,556010
US0028241000,ABT,S&P500,Abbott,Health Care,Health Care Equipment,
US0028241000,ABT,NYSE,Abbott Laboratories,,헬스케어 장비 및 용품,561010
US0028241000,ABT,HOSE,Bentre Aquaproduct Import and Export JSC,,식품 및 담배,541020
US92826C8394,V,S&P500,Visa Inc.,Information Technology,Data Processing & Outsourced Services,
US92826C8394,V,NYSE,Visa Inc Class A,,소프트웨어 및 IT서비스,572010
US88579Y1010,MMM,S&P500,3M,Industrials,Industrial Conglomerates,
US88579Y1010,MMM,NYSE,3M Co,,복합 기업,544010
US4370761029,HD,S&P500,The Home Depot,Consumer Discretionary,Home Improvement Retail,
US4370761029,HD,NYSE,Home Depot Inc,,전문품 상점,534030
US0846707026,BRKB,S&P500,Berkshire Hathaway,Financials,Multi-Sector Holdings,
US4581401001,INTC,S&P500,Intel,Information Technology,Semiconductors,
US4581401001,INTC,NASDAQ,Intel Corp,,반도체 및 반도체 장비,571010
US4581401001,4335,TSE,IPS Co Ltd,,소프트웨어 및 IT서비스,572010
US00287Y1091,ABBV,S&P500,AbbVie,Health Care,Pharmaceuticals,
US00287Y1091,ABBV,NYSE,Abbvie Inc,,제약,562010
US03027X1000,AMT,S&P500,American Tower,Real Estate,Specialized REITs,
US03027X1000,AMT,NYSE,American Tower Corp,,주택 및 상업용 리츠,601020
US0231351067,AMZN,S&P500,Amazon,Consumer Discretionary,Internet & Direct Marketing Retail,
US0231351067,AMZN,NASDAQ,Amazon.com Inc,,다양한 소매업,534020
US82837P4081,SI,NYSE,Silvergate Capital Corp Class A,,은행,551010
US06684L1035,BZUN,NASDAQ,Baozun Inc ADR,,소프트웨어 및 IT서비스,572010
US62914V1061,NIO,NYSE,NIO Inc ADR Class A,,자동차 및 자동차 부품,531010
US3453708600,F,S&P500,Ford Motor Company,Consumer Discretionary,Automobile Manufacturers,
US3453708600,F,NYSE,Ford Motor Co,,자동차 및 자동차 부품,531010
US3453708600,FN,NYSE,Fabrinet,,전자 장비 및 부품,571040
US3453708600,FORD,NASDAQ,Forward Industries Inc,,섬유 및 의류,532020
US69608A1088,PLTR,NYSE,Palantir Technologies Inc Class A,,소프트웨어 및 IT서비스,572010
US57055L1070,MRKR,NASDAQ,Marker Therapeutics Inc,,생명과학 및 메디컬 리서치,562020
US3825501014,GT,NASDAQ,Goodyear Tire & Rubber Co,,자동차 및 자동차 부품,531010
US3825501014,GTN,NYSE,Gray Television Inc,,미디어 및 출판,533020
KYG717001013,CPOP,NASDAQ,Pop Culture Group Co Ltd Class A,,호텔 및 엔터테인먼트,533010
US83067L1098,SKLZ,NYSE,Skillz Inc Class A,,소프트웨어 및 IT서비스,572010
US2372661015,DAR,NYSE,Darling Ingredients Inc,,식품 및 담배,541020
US01609W1027,BABA,NYSE,Alibaba Group Holding Ltd ADR,,소프트웨어 및 IT서비스,572010
US8740391003,TSM,NYSE,Taiwan Semiconductor Manufacturing Co Ltd ADR,,반도체 및 반도체 장비,571010
US35953D1046,FUBO,NYSE,Fubotv Inc,,소프트웨어 및 IT서비스,572010
US91332U1016,U,NYSE,Unity Software Inc,,소프트웨어 및 IT서비스,572010
US5178341070,LVS,S&P500,Las Vegas Sands,Consumer Discretionary,Casinos & Gaming,
US5178341070,LVS,NYSE,Las Vegas Sands Corp,,호텔 및 엔터테인먼트,533010
US56804T2050,MRIN,NASDAQ,Marin Software Inc,,소프트웨어 및 IT서비스,572010
KYG679271067,OST,NASDAQ,Ostin Technology Group Co Ltd,,전자 장비 및 부품,571040
US07160F2065,BXRX,NASDAQ,Baudax Bio Inc,,생명과학 및 메디컬 리서치,562020
NL0009805522,YNDX,NASDAQ,Yandex NV Class A,,소프트웨어 및 IT서비스,572010
US40619L1026,HOFV,NASDAQ,Hall of Fame Resort & Entertainment Co,,호텔 및 엔터테인먼트,533010
US87918A1051,TDOC,NYSE,Teladoc Health Inc,,헬스케어 업체 및 서비스,561020
US5951121038,MU,S&P500,Micron Technology,Information Technology,Semiconductors,
US5951121038,MU,NASDAQ,Micron Technology Inc,,반도체 및 반도체 장비,571010
US8522341036,SQ,NYSE,Block Inc Class A,,전문 및 상업 서비스,522030
US25400W1027,APPS,NASDAQ,Digital Turbine Inc,,소프트웨어 및 IT서비스,572010
US1729674242,C,S&P500,Citigroup,Financials,Diversified Banks,
US1729674242,C,NYSE,Citigroup Inc,,투자은행 및 서비스,551020
US04342Y1047,ASAN,NYSE,Asana Inc Class A,,소프트웨어 및 IT서비스,572010
US6700024010,NVAX,NASDAQ,Novavax Inc,,생명과학 및 메디컬 리서치,562020
US92766K1060,SPCE,NYSE,Virgin Galactic Holdings Inc Class A,,우주항공 및 국방,521010
US1420381089,CRBU,NASDAQ,Caribou Biosciences Inc,,생명과학 및 메디컬 리서치,562020
US74767V1098,QS,NYSE,Quantumscape Corp Class A,,자동차 및 자동차 부품,531010
CA25381D2068,DGHI,NASDAQ,Digihost Technology Inc,,핀테크,573010
US0536041041,AVPT,NASDAQ,AvePoint Inc Class A,,소프트웨어 및 IT서비스,572010
US74374T1097,PTRA,NASDAQ,Proterra Inc,,자동차 및 자동차 부품,531010
IL0011681371,NNOX,NASDAQ,Nano-X Imaging Ltd,,헬스케어 장비 및 용품,561010
US33813J1060,FSR,NYSE,Fisker Inc Class A,,자동차 및 자동차 부품,531010
US33813J1060,FIS,S&P500,FIS,Information Technology,Data Processing & Outsourced Services,
US33813J1060,FIS,NYSE,Fidelity National Information Services Inc,,핀테크,573010
CA83336J2083,LITM,NASDAQ,Snow Lake Resources Ltd,,메탈&마이닝,512010
US25809K1051,DASH,NYSE,DoorDash Inc Class A,,소프트웨어 및 IT서비스,572010
US6837121036,OPEN,NASDAQ,Opendoor Technologies Inc Class A,,부동산 운영 관리,601010
KYG825141032,IPOD,NYSE,Social Capital Hedosophia Holdings Corp. IV Class A,,기타 금융업,556010
US8334451098,SNOW,NYSE,Snowflake Inc. Class A,,소프트웨어 및 IT서비스,572010
US9837FR1002,XL,NYSE,XL Fleet Corp Class A,,자동차 및 자동차 부품,531010
BMG3728V1090,GAN,NASDAQ,Gan Ltd,,소프트웨어 및 IT서비스,572010
KYG8251L1059,IPOF,NYSE,Social Capital Hedosophia Holdings Corp VI Class A,,기타 금융업,556010
BMG6964L1072,PSFE,NYSE,Paysafe Ltd,,핀테크,573010
US60938K1060,ML,NYSE,MoneyLion Inc Class A,,핀테크,573010
IL0011754137,TBLA,NASDAQ,Taboola.com Ltd,,소프트웨어 및 IT서비스,572010
US4579191085,IHT,AMEX,InnSuites Hospitality Trust,,주택 및 상업용 리츠,601020
CA05223F1062,AUST,AMEX,Austin Gold Corp,,메탈&마이닝,512010
US4510332038,IBIO,AMEX,Ibio Inc,,제약,562010
US3743964062,GEVO,NASDAQ,Gevo Inc,,재생에너지,502010
CA0585861085,BLDP,NASDAQ,Ballard Power Systems Inc,,재생에너지,502010
CA0585861085,BLD,NYSE,TopBuild Corp,,건설 및 엔지니어링,522010
CA0202833053,AAU,AMEX,Almaden Minerals Ltd,,메탈&마이닝,512010
BMG9456A1009,GOL,NYSE,Gol Linhas Aereas Inteligentes SA ADR,,운송업,524060
BMG9456A1009,GLNG,NASDAQ,Golar LNG Ltd,,오일 및 가스 장비 및 서비스,501030
US00161P1093,ALF,NASDAQ,Alfi Inc,,소프트웨어 및 IT서비스,572010
US5927701012,MXC,AMEX,Mexco Energy Corp,,오일 및 가스,501020
US68559A1097,OIG,NASDAQ,Orbital Infrastructure Group Inc,,건설 및 엔지니어링,522010
US15130G6008,CETX,NASDAQ,Cemtrex Inc,,전문 및 상업 서비스,522030
US5160121019,LCI,NYSE,Lannett Company Inc,,제약,562010
US70532Y3036,PED,AMEX,PEDEVCO Corp,,오일 및 가스,501020
CA91688R1082,URG,AMEX,Ur-Energy Inc,,우라늄,503010
US6793451088,OKYO,NASDAQ,OKYO Pharma Ltd ADR,,제약,562010
US8781551002,TISI,NYSE,Team Inc,,전문 및 상업 서비스,522030
US38068T1051,GORO,AMEX,Gold Resource Corp,,메탈&마이닝,512010
US03834B3096,APCX,NASDAQ,AppTech Payments Corp,,핀테크,573010
US03834B3096,APCX,NASDAQ,AppTech Payments Corp,,핀테크,573010
US26253C1027,DSS,AMEX,Dss Inc,,용기 및 포장,513020
US86803X2045,SUNW,NASDAQ,Sunworks Inc,,재생에너지,502010
KYG8651P1101,SPI,NASDAQ,SPI Energy Co Ltd,,재생에너지,502010
US92852W5013,VIVE,NASDAQ,Viveve Medical Inc,,헬스케어 장비 및 용품,561010
US8870801094,TMBR,AMEX,Timber Pharmaceuticals Inc,,생명과학 및 메디컬 리서치,562020
US76680V1089,REI,AMEX,Ring Energy Inc,,오일 및 가스,501020
US46265P1075,IPW,NASDAQ,iPower Inc,,소프트웨어 및 IT서비스,572010
US46625H1005,JPM,S&P500,JPMorgan Chase,Financials,Diversified Banks,
US46625H1005,JPM,NYSE,JPMorgan Chase & Co,,은행,551010
US46625H1005,CMC,NYSE,Commercial Metals Co,,메탈&마이닝,512010
US5324571083,LLY,S&P500,Eli Lilly and Company,Health Care,Pharmaceuticals,
US5324571083,LLY,NYSE,Eli Lilly and Co,,제약,562010
US35952H6018,FCEL,NASDAQ,Fuelcell Energy Inc,,재생에너지,502010
US75946W2070,RELI,NASDAQ,Reliance Global Group Inc,,보험,553010
US89157G8841,TBLT,NASDAQ,Toughbuilt Industries Inc,,가정용품,532040
US0906556065,BRTX,NASDAQ,BioRestorative Therapies Inc,,생명과학 및 메디컬 리서치,562020
US09062X1037,BIIB,S&P500,Biogen,Health Care,Biotechnology,
US09062X1037,BIIB,NASDAQ,Biogen Inc,,제약,562010
US60785L2079,MODD,NASDAQ,Modular Medical Inc,,헬스케어 장비 및 용품,561010
US9842411095,YMAB,NASDAQ,Y-mAbs Therapeutics Inc,,생명과학 및 메디컬 리서치,562020
US8807701029,TER,S&P500,Teradyne,Information Technology,Semiconductor Equipment,
US8807701029,TER,NASDAQ,Teradyne Inc,,반도체 및 반도체 장비,571010
US8807701029,TERN,NASDAQ,Terns Pharmaceuticals Inc,,생명과학 및 메디컬 리서치,562020
US98422D1054,XPEV,NYSE,Xpeng Inc ADR,,자동차 및 자동차 부품,531010
BMG169621056,BG,NYSE,Bunge Ltd,,식품 및 담배,541020
US90353T1007,UBER,NYSE,Uber Technologies Inc,,소프트웨어 및 IT서비스,572010
US50202M1027,LI,NASDAQ,Li Auto Inc ADR,,자동차 및 자동차 부품,531010
US50202M1027,LIAN,NASDAQ,LianBio ADR,,생명과학 및 메디컬 리서치,562020
US50202M1027,LIN,S&P500,Linde plc,Materials,Industrial Gases,
US50202M1027,LIN,NYSE,Linde PLC,,화학,511010
CH0334081137,CRSP,NASDAQ,CRISPR Therapeutics AG,,생명과학 및 메디컬 리서치,562020
KYG367381053,FDP,NYSE,Fresh Del Monte Produce Inc,,식품 및 담배,541020
US0567521085,BIDU,NASDAQ,Baidu Inc ADR,,소프트웨어 및 IT서비스,572010
US65481N1000,NIU,NASDAQ,NIU Technologies ADR,,자동차 및 자동차 부품,531010
KYG970081173,2269,TSE,Meiji Holdings Co Ltd,,식품 및 담배,541020
US92534K1079,VTNR,NASDAQ,Vertex Energy Inc,,오일 및 가스,501020
US5747951003,MASI,NASDAQ,Masimo Corp,,헬스케어 장비 및 용품,561010
US58933Y1055,MRK,S&P500,Merck & Co.,Health Care,Pharmaceuticals,
US58933Y1055,MRK,NYSE,Merck & Co Inc,,제약,562010
US7170811035,PFE,S&P500,Pfizer,Health Care,Pharmaceuticals,
US7170811035,PFE,NYSE,Pfizer Inc,,제약,562010
US55933J2033,MX,NYSE,MagnaChip Semiconductor Corp,,반도체 및 반도체 장비,571010
US55933J2033,SMG,NYSE,Scotts Miracle-Gro Co,,화학,511010
US56400P7069,MNKD,NASDAQ,MannKind Corp,,생명과학 및 메디컬 리서치,562020
CA29258Y1034,EDR,NYSE,Endeavor Group Holdings Inc Class A,,미디어 및 출판,533020
CA29258Y1034,EXK,NYSE,Endeavour Silver Corp,,메탈&마이닝,512010
US58286E1029,MDXH,NASDAQ,MDxHealth SA ADR,,생명과학 및 메디컬 리서치,562020
US28617K1016,ELDN,NASDAQ,Eledon Pharmaceuticals Inc,,생명과학 및 메디컬 리서치,562020
VGG863021090,SWVL,NASDAQ,Swvl Holdings Corp Class A,,운송업,524060
US88338N2062,TXMD,NASDAQ,TherapeuticsMD Inc,,제약,562010
US2362721001,DNMR,NYSE,Danimer Scientific Inc Class A,,화학,511010
US76152G1004,RVPH,NASDAQ,Reviva Pharmaceuticals Holdings  Inc.,,생명과학 및 메디컬 리서치,562020
US09203E1055,BDTX,NASDAQ,Black Diamond Therapeutics Inc,,생명과학 및 메디컬 리서치,562020
KYG144921056,BON,NASDAQ,Bon Natural Life Ltd,,제약,562010
NL0015000LC2,MYNZ,NASDAQ,Mainz Biomed NV,,헬스케어 업체 및 서비스,561020
US1375861036,CANG,NYSE,Cango Inc ADR,,소프트웨어 및 IT서비스,572010
US46604H1059,IZEA,NASDAQ,IZEA Worldwide Inc,,소프트웨어 및 IT서비스,572010
US98212N1072,WRAP,NASDAQ,Wrap Technologies Inc,,커뮤니케이션 및 네트워킹,571020
US47010C6075,JAGX,NASDAQ,Jaguar Health Inc,,생명과학 및 메디컬 리서치,562020
US92259F1012,VLDR,NASDAQ,Velodyne Lidar Inc,,전자 장비 및 부품,571040
US7047231052,PEAR,NASDAQ,Pear Therapeutics Inc Class A,,생명과학 및 메디컬 리서치,562020
US63008G2030,NNDM,NASDAQ,Nano Dimension Ltd ADR,,전자 장비 및 부품,571040
US2056502030,COMS,NASDAQ,COMSovereign Holding Corp,,커뮤니케이션 및 네트워킹,571020
CA98942X1024,ZEN,NYSE,Zendesk Inc,,소프트웨어 및 IT서비스,572010
CA98942X1024,ZTEK,NASDAQ,Zentek Ltd,,생명과학 및 메디컬 리서치,562020
US78418A5056,SGBX,NASDAQ,SG Blocks Inc,,주택건설,532030
NL0015000M91,WBX,NYSE,Wallbox NV Class A,,전기 유틸리티,591010
US72919P2020,PLUG,NASDAQ,Plug Power Inc,,재생에너지,502010
US4525211078,IMMR,NASDAQ,Immersion Corp,,소프트웨어 및 IT서비스,572010
US4525211078,IMV,NASDAQ,IMV Inc,,생명과학 및 메디컬 리서치,562020
US37611X1000,DNA,NYSE,Ginkgo Bioworks Holdings Inc Class A,,생명과학 및 메디컬 리서치,562020
US5770961002,MTTR,NASDAQ,Matterport Inc Class A,,소프트웨어 및 IT서비스,572010
US92921W3007,VUZI,NASDAQ,Vuzix Corp,,전자 장비 및 부품,571040
US6819361006,OHI,NYSE,Omega Healthcare Investors Inc,,주택 및 상업용 리츠,601020
US29273V1008,ET,NYSE,Energy Transfer Units,,오일 및 가스 장비 및 서비스,501030
US29273V1008,ETN,S&P500,Eaton Corporation,Industrials,Electrical Components & Equipment,
US29273V1008,ETN,NYSE,Eaton Corporation PLC,,"건설장비 및 대형차, 기차, 배",521020
US90184L1026,TWTR,S&P500,Twitter Inc.,Communication Services,Interactive Media & Services,
US90184L1026,TWTR,NYSE,Twitter Inc,,소프트웨어 및 IT서비스,572010
CA82509L1076,SHOP,NYSE,Shopify Inc Class A,,소프트웨어 및 IT서비스,572010
US22160K1051,COST,S&P500,Costco,Consumer Staples,Hypermarkets & Super Centers,
US22160K1051,COST,NASDAQ,Costco Wholesale Corp,,다양한 소매업,534020
US22160K1051,CTO,NYSE,CTO Realty Growth Inc,,주택 및 상업용 리츠,601020
US90187B4086,TWO,NYSE,Two Harbors Investment Corp,,주택 및 상업용 리츠,601020
US64828T2015,RITM,NYSE,Rithm Capital Corp,,주택 및 상업용 리츠,601020
US3434121022,FLR,NYSE,Fluor Corp,,건설 및 엔지니어링,522010
US02209S1033,MO,S&P500,Altria,Consumer Staples,Tobacco,
US02209S1033,MO,NYSE,Altria Group Inc,,식품 및 담배,541020
US02209S1033,MON,NASDAQ,Monument Circle Acquisition Corp Class A,,기타 금융업,556010
US02209S1033,ALTR,NASDAQ,Altair Engineering Inc Class A,,소프트웨어 및 IT서비스,572010
US12468P1049,AI,NYSE,C3.ai Inc Class A,,소프트웨어 및 IT서비스,572010
US03940F1030,LFG,NYSE,Archaea Energy Inc Class A,,전기 유틸리티,591010
US03044L1052,AMWL,NYSE,American Well Corp Class A,,헬스케어 업체 및 서비스,561020
US7561091049,O,S&P500,Realty Income,Real Estate,Retail REITs,
US7561091049,O,NYSE,Realty Income Corp,,주택 및 상업용 리츠,601020
US0382221051,AMAT,S&P500,Applied Materials,Information Technology,Semiconductor Equipment,
US0382221051,AMAT,NASDAQ,Applied Materials Inc,,반도체 및 반도체 장비,571010
US74347G4165,PROC,NASDAQ,Procaps Group SA,,기타 금융업,556010
US91912E1055,VALE,NYSE,Vale SA ADR,,메탈&마이닝,512010
KYG9491K1058,GGR,NASDAQ,Gogoro Inc,,"건설장비 및 대형차, 기차, 배",521020
US78397Q1094,SES,NYSE,SES AI Corp Class A,,"건설장비 및 대형차, 기차, 배",521020
US0517741072,AUR,NASDAQ,Aurora Innovation Inc Class A,,소프트웨어 및 IT서비스,572010
IL0011786154,REE,NASDAQ,REE Automotive Ltd Class A,,자동차 및 자동차 부품,531010
IL0011786154,REE,HOSE,Refrigeration Electrical Engineering Corp,,전기 유틸리티,591010
US65345M1080,KIND,NYSE,Nextdoor Holdings Inc Class A,,소프트웨어 및 IT서비스,572010
KYG8601L1023,SVFA,NASDAQ,SVF Investment Corp Class A,,기타 금융업,556010
KYG3312L1032,FPAC,NYSE,Far Peak Acquisition Corp Class A,,기타 금융업,556010
KYG3728Y1290,HERAU,NASDAQ,FTAC Hera Acquisition Units,,기타 금융업,556010
KYG1355U1132,BTWN,NASDAQ,Bridgetown Holdings Ltd Class A,,기타 금융업,556010
US03945R1023,ACHR,NYSE,Archer Aviation Inc Class A,,우주항공 및 국방,521010
US92259N1046,VLD,NYSE,Velo3D Inc,,전자 장비 및 부품,571040
US6821891057,ON,S&P500,ON Semiconductor,Information Technology,Semiconductors,
US6821891057,ON,NASDAQ,ON Semiconductor Corp,,반도체 및 반도체 장비,571010
US96328L1061,UP,NYSE,Wheels Up Experience Inc Class A,,운송업,524060
US83422N1054,SLDP,NASDAQ,Solid Power Inc Class A,,"건설장비 및 대형차, 기차, 배",521020
US90138Q1085,ME,NASDAQ,23andMe Holding Co. Class A,,헬스케어 업체 및 서비스,561020
US96209A1043,WE,NYSE,WeWork Inc Class A,,부동산 운영 관리,601010
US87663X1028,TTCF,NASDAQ,Tattooed Chef Inc Class A,,식품 및 담배,541020
US29272C1036,WATT,NASDAQ,Energous Corp,,"건설장비 및 대형차, 기차, 배",521020
US81727U1051,SENS,AMEX,Senseonics Holdings Inc,,헬스케어 장비 및 용품,561010
US20030N1019,CMCSA,S&P500,Comcast,Communication Services,Cable & Satellite,
US20030N1019,CMCSA,NASDAQ,Comcast Corp Class A,,통신 서비스,574010
US94106L1098,WM,S&P500,Waste Management,Industrials,Environmental & Facilities Services,
US94106L1098,WM,NYSE,Waste Management Inc,,전문 및 상업 서비스,522030
US87612E1064,TGT,S&P500,Target Corporation,Consumer Discretionary,General Merchandise Stores,
US87612E1064,TGT,NYSE,Target Corp,,다양한 소매업,534020
US57636Q1040,MA,S&P500,Mastercard,Information Technology,Data Processing & Outsourced Services,
US57636Q1040,MA,NYSE,Mastercard Inc Class A,,소프트웨어 및 IT서비스,572010
US5801351017,MA,S&P500,Mastercard,Information Technology,Data Processing & Outsourced Services,
US5801351017,MA,NYSE,Mastercard Inc Class A,,소프트웨어 및 IT서비스,572010
US57636Q1040,MAN,NYSE,ManpowerGroup Inc,,전문 및 상업 서비스,522030
US8718291078,SYY,S&P500,Sysco,Consumer Staples,Food Distributors,
US8718291078,SYY,NYSE,Sysco Corp,,식품 및 약품소매,543010
US34959E1091,FTNT,S&P500,Fortinet,Information Technology,Systems Software,
US34959E1091,FTNT,NASDAQ,Fortinet Inc,,소프트웨어 및 IT서비스,572010
CA2926717083,EFR,NYSE,Eaton Vance Senior Floating Rate Closed Fund,,다양한 금융서비스,555010
CA2926717083,UUUU,AMEX,Energy Fuels Inc,,우라늄,503010
GB00BMVP7Y09,RPRX,NASDAQ,Royalty Pharma PLC Class A,,제약,562010
GB00BMVP7Y09,RPD,NASDAQ,Rapid7 Inc,,소프트웨어 및 IT서비스,572010
US00108J1097,ACMR,NASDAQ,ACM Research Inc Class A,,반도체 및 반도체 장비,571010
US17275R1023,CSCO,S&P500,Cisco,Information Technology,Communications Equipment,
US17275R1023,CSCO,NASDAQ,Cisco Systems Inc,,커뮤니케이션 및 네트워킹,571020
US17275R1023,4333,TSE,Toho System Science Co Ltd,,소프트웨어 및 IT서비스,572010
US92343V1044,VZ,S&P500,Verizon,Communication Services,Integrated Telecommunication Services,
US92343V1044,VZ,NYSE,Verizon Communications Inc,,통신 서비스,574010
US09075F1075,BNGO,NASDAQ,Bionano Genomics Inc,,헬스케어 장비 및 용품,561010
US91325V1089,UNIT,NASDAQ,Uniti Group Inc,,주택 및 상업용 리츠,601020
US00827B1061,AFRM,NASDAQ,Affirm Holdings Inc Class A,,핀테크,573010
US86877M2098,SURF,NASDAQ,Surface Oncology Inc,,생명과학 및 메디컬 리서치,562020
US76010Y1038,RENT,NASDAQ,Rent the Runway Inc Class A,,섬유 및 의류,532020
US5500211090,LULU,NASDAQ,Lululemon Athletica Inc,,섬유 및 의류,532020
US5006001011,KOPN,NASDAQ,Kopin Corp,,반도체 및 반도체 장비,571010
MHY1146L1258,CTRM,NASDAQ,Castor Maritime Inc,,화물 및 물류 서비스,524050
US46489V1044,ISR,AMEX,IsoRay Inc,,헬스케어 장비 및 용품,561010
US92561V1098,RBOT,NYSE,Vicarious Surgical Inc Class A,,헬스케어 장비 및 용품,561010
US37637K1088,GTLB,NASDAQ,GitLab Inc Class A,,소프트웨어 및 IT서비스,572010
US7672921050,RIOT,NASDAQ,Riot Blockchain Inc,,핀테크,573010
US18915M1071,NET,NYSE,Cloudflare Inc Class A,,소프트웨어 및 IT서비스,572010
US02079K1079,GOOG,S&P500,Alphabet Inc. (Class C),Communication Services,Interactive Media & Services,
US02079K1079,GOOG,NASDAQ,Alphabet Inc Class C,,소프트웨어 및 IT서비스,572010
US09354A1007,BLNK,NASDAQ,Blink Charging Co,,"건설장비 및 대형차, 기차, 배",521020
CA09228F1036,BB,NYSE,BlackBerry Ltd,,소프트웨어 및 IT서비스,572010
CA09228F1036,BBN,NYSE,BlackRock Taxable Municipal Bond Trust,,다양한 금융서비스,555010
US86771W1053,RUN,NASDAQ,Sunrun Inc,,재생에너지,502010
US87968A1043,TELL,AMEX,Tellurian Inc,,오일 및 가스,501020
US87968A1043,MPLN,NYSE,Multiplan Corp Class A,,전문 및 상업 서비스,522030
US68389X1054,ORCL,S&P500,Oracle Corporation,Information Technology,Application Software,
US68389X1054,ORCL,NYSE,Oracle Corp,,소프트웨어 및 IT서비스,572010
US68389X1054,ORC,NYSE,Orchid Island Capital Inc,,주택 및 상업용 리츠,601020
US59516C1062,MVST,NASDAQ,Microvast Holdings Inc,,"건설장비 및 대형차, 기차, 배",521020
US53228T1016,ZEV,NYSE,Lightning eMotors Inc,,"건설장비 및 대형차, 기차, 배",521020
US25058X1054,DM,NYSE,Desktop Metal Inc Class A,,전자 장비 및 부품,571040
LU2314763264,ARVL,NASDAQ,Arrival SA,,자동차 및 자동차 부품,531010
US4181001037,HCP,NASDAQ,HashiCorp Inc Class A,,소프트웨어 및 IT서비스,572010
US4858591021,KPLT,NASDAQ,Katapult Holdings Inc,,소프트웨어 및 IT서비스,572010
US79466L3024,CRM,S&P500,Salesforce,Information Technology,Application Software,
US79466L3024,CRM,NYSE,Salesforce Inc,,소프트웨어 및 IT서비스,572010
US18452B2097,CLSK,NASDAQ,CleanSpark Inc,,핀테크,573010
CA29287W1023,GAME,NASDAQ,Engine Gaming and Media Inc,,소프트웨어 및 IT서비스,572010
US39366L2088,GBOX,NASDAQ,Greenbox Pos,,소프트웨어 및 IT서비스,572010
US2561631068,DOCU,NASDAQ,DocuSign Inc,,소프트웨어 및 IT서비스,572010
US67421J1088,OTLY,NASDAQ,Oatly Group AB ADR,,식품 및 담배,541020
US26622P1075,DOCS,NYSE,Doximity Inc Class A,,소프트웨어 및 IT서비스,572010
US1468691027,CVNA,NYSE,Carvana Co Class A,,전문품 상점,534030
KYG237261055,CRHC,NYSE,Cohn Robbins Holdings Corp Class A,,기타 금융업,556010
LU1778762911,SPOT,NYSE,Spotify Technology SA,,소프트웨어 및 IT서비스,572010
US67623L1098,OPAD,NYSE,Offerpad Solutions Inc Class A,,부동산 운영 관리,601010
US83425V1044,DTC,NYSE,Solo Brands Inc Class A,,가정용품,532040
US30052F1003,EVGO,NASDAQ,EVgo Inc Class A,,전기 유틸리티,591010
US9344231041,WBD,S&P500,Warner Bros. Discovery,Communication Services,Broadcasting,
US9344231041,WBD,NASDAQ,Warner Bros Discovery Inc Series A,,미디어 및 출판,533020
US22053A1079,QNCX,NASDAQ,Quince Therapeutics Inc,,생명과학 및 메디컬 리서치,562020
US9778521024,WOLF,NYSE,Wolfspeed Inc,,반도체 및 반도체 장비,571010
US1925761066,COHU,NASDAQ,Cohu Inc,,반도체 및 반도체 장비,571010
US5012421013,KLIC,NASDAQ,Kulicke and Soffa Industries Inc,,반도체 및 반도체 장비,571010
US13100M5094,CALX,NYSE,Calix Inc,,커뮤니케이션 및 네트워킹,571020
CH0523961370,NLSP,NASDAQ,NLS Pharmaceutics AG,,생명과학 및 메디컬 리서치,562020
US89457R1014,TIG,NASDAQ,Trean Insurance Group Inc,,보험,553010
US74754R1032,QLGN,NASDAQ,Qualigen Therapeutics Inc,,생명과학 및 메디컬 리서치,562020
US5801351017,MCD,S&P500,McDonald's,Consumer Discretionary,Restaurants,
US5801351017,MCD,NYSE,McDonald's Corp,,호텔 및 엔터테인먼트,533010
US4404521001,HRL,S&P500,Hormel Foods,Consumer Staples,Packaged Foods & Meats,
US4404521001,HRL,NYSE,Hormel Foods Corp,,식품 및 담배,541020
US68629Y1038,ONL,NYSE,Orion Office Reit Inc,,주택 및 상업용 리츠,601020
KYG5194C1015,JWEL,NASDAQ,Jowell Global Ltd,,다양한 소매업,534020
US00138L1089,RERE,NYSE,ATRenew Inc ADR Class A,,다양한 소매업,534020
US25754A2015,DPZ,S&P500,Domino's,Consumer Discretionary,Restaurants,
US25754A2015,DPZ,NYSE,Domino's Pizza Inc,,호텔 및 엔터테인먼트,533010
US5486611073,LOW,S&P500,Lowe's,Consumer Discretionary,Home Improvement Retail,
US5486611073,LOW,NYSE,Lowe's Companies Inc,,전문품 상점,534030
US5007541064,KHC,S&P500,Kraft Heinz,Consumer Staples,Packaged Foods & Meats,
US5007541064,KHC,NASDAQ,Kraft Heinz Co,,식품 및 담배,541020
CNE000001N05,601988,SSE,Bank of China Ltd Class A,,은행,551010
CNE000001P37,601398,SSE,Industrial and Commercial Bank of China Ltd Class A,,은행,551010
US29664W1053,ESPR,NASDAQ,Esperion Therapeutics Inc,,제약,562010
US65339F1012,NEE,S&P500,NextEra Energy,Utilities,Multi-Utilities,
US65339F1012,NEE,NYSE,Nextera Energy Inc,,전기 유틸리티,591010
US23703Q2030,DQ,NYSE,Daqo New Energy Corp ADR,,재생에너지,502010
CA50202P1053,LICY,NYSE,Li-Cycle Holdings Corp,,전문 및 상업 서비스,522030
US29786A1060,ETSY,S&P500,Etsy,Consumer Discretionary,Internet & Direct Marketing Retail,
US29786A1060,ETSY,NASDAQ,ETSY Inc,,다양한 소매업,534020
US86882L2043,SURG,NASDAQ,Surgepays Inc,,통신 서비스,574010
US98156Q1085,WWE,NYSE,World Wrestling Entertainment Inc Class A,,미디어 및 출판,533020
US6549022043,NOK,NYSE,Nokia Oyj ADR Series A,,커뮤니케이션 및 네트워킹,571020
CNE100001FR6,601012,SSE,LONGi Green Energy Technology Co Ltd Class A,,반도체 및 반도체 장비,571010
US04962H5063,ATOS,NASDAQ,Atossa Therapeutics Inc,,생명과학 및 메디컬 리서치,562020
US5768101058,MTNB,AMEX,Matinas BioPharma Holdings Inc,,생명과학 및 메디컬 리서치,562020
US5738741041,MRVL,NASDAQ,Marvell Technology Inc,,반도체 및 반도체 장비,571010
US9029733048,USB,S&P500,U.S. Bank,Financials,Diversified Banks,
US9029733048,USB,NYSE,US Bancorp,,은행,551010
US19260Q1076,COIN,NASDAQ,Coinbase Global Inc Class A,,핀테크,573010
US88339J1051,TTD,NASDAQ,Trade Desk Inc Class A,,소프트웨어 및 IT서비스,572010
US4523271090,ILMN,S&P500,Illumina,Health Care,Life Sciences Tools & Services,
US4523271090,ILMN,NASDAQ,Illumina Inc,,헬스케어 장비 및 용품,561010
JP3429800000,9202,TSE,ANA Holdings Inc,,운송업,524060
US26884U1097,EPR,NYSE,EPR Properties,,주택 및 상업용 리츠,601020
US86722A1034,SXC,NYSE,SunCoke Energy Inc,,메탈&마이닝,512010
US08862E1091,BYND,NASDAQ,Beyond Meat Inc,,식품 및 담배,541020
US00123Q1040,AGNC,NASDAQ,AGNC Investment Corp,,주택 및 상업용 리츠,601020
US09260D1072,BX,NYSE,Blackstone Inc,,투자은행 및 서비스,551020
US00846U1016,A,S&P500,Agilent Technologies,Health Care,Health Care Equipment,
US00846U1016,A,NYSE,Agilent Technologies Inc,,헬스케어 장비 및 용품,561010
US09260K1016,BSTZ,NYSE,BlackRock Science and Technology Trust II,,다양한 금융서비스,555010
CA7063271034,PPL,S&P500,PPL Corporation,Utilities,Electric Utilities,
CA7063271034,PPL,NYSE,PPL Corp,,복합 유틸리티,591040
CA7063271034,PBA,NYSE,Pembina Pipeline Corp,,오일 및 가스 장비 및 서비스,501030
MHY7542C1306,STNG,NYSE,Scorpio Tankers Inc,,오일 및 가스 장비 및 서비스,501030
US8574771031,STT,S&P500,State Street Corporation,Financials,Asset Management & Custody Banks,
US8574771031,STT,NYSE,State Street Corp,,투자은행 및 서비스,551020
US3546131018,BEN,S&P500,Franklin Templeton,Financials,Asset Management & Custody Banks,
US3546131018,BEN,NYSE,Franklin Resources Inc,,투자은행 및 서비스,551020
CA2960061091,ERO,NYSE,Ero Copper Corp,,메탈&마이닝,512010
US03676B1026,AM,NYSE,Antero Midstream Corp,,오일 및 가스 장비 및 서비스,501030
US03676B1026,5711,TSE,Mitsubishi Materials Corp,,복합 기업,544010
US03676B1026,AMN,NYSE,AMN Healthcare Services Inc,,헬스케어 업체 및 서비스,561020
US28106W1036,EDIT,NASDAQ,Editas Medicine Inc,,생명과학 및 메디컬 리서치,562020
US45826J1051,NTLA,NASDAQ,Intellia Therapeutics Inc,,생명과학 및 메디컬 리서치,562020
US9100471096,UAL,S&P500,United Airlines Holdings,Industrials,Airlines,
US9100471096,UAL,NASDAQ,United Airlines Holdings Inc,,운송업,524060
US54405Q1004,RIDE,NASDAQ,Lordstown Motors Corp Class A,,자동차 및 자동차 부품,531010
KYG6683N1034,NU,NYSE,Nu Holdings Ltd Class A,,은행,551010
US49456B1017,KMI,S&P500,Kinder Morgan,Energy,Oil & Gas Storage & Transportation,
US49456B1017,KMI,NYSE,Kinder Morgan Inc,,오일 및 가스 장비 및 서비스,501030
US4943681035,KMB,S&P500,Kimberly-Clark,Consumer Staples,Household Products,
US4943681035,KMB,NYSE,Kimberly-Clark Corp,,"개인, 가정 용품 및 서비스",542010
US8288061091,SPG,S&P500,Simon Property Group,Real Estate,Retail REITs,
US8288061091,SPG,NYSE,Simon Property Group Inc,,주택 및 상업용 리츠,601020
US6974351057,PANW,NASDAQ,Palo Alto Networks Inc,,소프트웨어 및 IT서비스,572010
US8716071076,SNPS,S&P500,Synopsys,Information Technology,Application Software,
US8716071076,SNPS,NASDAQ,Synopsys Inc,,소프트웨어 및 IT서비스,572010
US9113121068,UPS,S&P500,United Parcel Service,Industrials,Air Freight & Logistics,
US9113121068,UPS,NYSE,United Parcel Service Inc Class B,,화물 및 물류 서비스,524050
CNE1000007Q1,601857,SSE,PetroChina Co Ltd Class A,,오일 및 가스,501020
CNE0000018G1,600028,SSE,China Petroleum & Chemical Corp Class A,,오일 및 가스,501020
US53814L1089,LTHM,NYSE,Livent Corp,,화학,511010
US03524A1088,BUD,NYSE,Anheuser-Busch Inbev SA ADR,,음료,541010
US59134N1046,MMAT,NASDAQ,Meta Materials Inc,,전자 장비 및 부품,571040
CA53634Q2045,YVR,NASDAQ,Liquid Media Group Ltd,,소프트웨어 및 IT서비스,572010
US88025U1097,TXG,NASDAQ,10X Genomics Inc Class A,,헬스케어 장비 및 용품,561010
US6294441000,NRXP,NASDAQ,NRX Pharmaceuticals Inc,,생명과학 및 메디컬 리서치,562020
CA00288U1066,ABCL,NASDAQ,Abcellera Biologics Inc,,생명과학 및 메디컬 리서치,562020
US2948216088,ERIC,NASDAQ,Telefonaktiebolaget LM Ericsson ADR Class B,,커뮤니케이션 및 네트워킹,571020
US68247W1099,OSS,NASDAQ,One Stop Systems Inc,,"컴퓨터, 전화 및 가전제품",571060
US67079K1007,SMR,NYSE,Nuscale Power Corp Class A,,전기 유틸리티,591010
US2254011081,CS,NYSE,Credit Suisse Group AG ADR,,은행,551010
KYG070341048,9888,TSE,UEX Ltd,,메탈&마이닝,512010
US62913M1071,NGL,NYSE,NGL Energy Partners Units,,오일 및 가스,501020
US6701002056,NVO,NYSE,Novo Nordisk A/S ADR,,제약,562010
US6701002056,NOVA,NYSE,Sunnova Energy International Inc,,재생에너지,502010
US2060221056,CNCE,NASDAQ,Concert Pharmaceuticals Inc,,생명과학 및 메디컬 리서치,562020
US6655313079,NOG,NYSE,Northern Oil and Gas Inc,,오일 및 가스,501020
US6655313079,NOGN,NASDAQ,Nogin Inc,,소프트웨어 및 IT서비스,572010
US43114Q1058,HPK,NASDAQ,Highpeak Energy Inc,,오일 및 가스 장비 및 서비스,501030
US2057683029,CRK,NYSE,Comstock Resources Inc,,오일 및 가스,501020
US0138721065,AA,NYSE,Alcoa Corp,,메탈&마이닝,512010
US0138721065,AAN,NYSE,Aaron's Company Inc,,은행,551010
US8610121027,STM,NYSE,STMicroelectronics NV ADR,,반도체 및 반도체 장비,571010
US48138M1053,JMIA,NYSE,Jumia Technologies AG ADR,,소프트웨어 및 IT서비스,572010
KYG7800X1079,1928,TSE,Sekisui House Ltd,,주택건설,532030
US00215W1009,ASX,NYSE,ASE Technology Holding Co Ltd ADR,,반도체 및 반도체 장비,571010
FR0000121014,MC,NYSE,Moelis & Co Class A,,투자은행 및 서비스,551020
FR0000121014,MOH,S&P500,Molina Healthcare,Health Care,Managed Health Care,
FR0000121014,MOH,NYSE,Molina Healthcare Inc,,헬스케어 업체 및 서비스,561020
FR0000121014,MCP,HOSE,Mychau Printing and Packaging Corp,,용기 및 포장,513020
FR0000121014,MCN,NYSE,Madison Covered Call and Equity Strategy Closed Fund,,다양한 금융서비스,555010
US92243A2006,VXRT,NASDAQ,Vaxart Inc,,생명과학 및 메디컬 리서치,562020
US66979P2011,NVFY,NASDAQ,Nova LifeStyle Inc,,가정용품,532040
JP3505970008,6619,TSE,W-Scope Corp,,화학,511010
US0008991046,ADMA,NASDAQ,ADMA Biologics Inc,,제약,562010
KYG2119W1069,3333,TSE,Asahi Co Ltd,,전문품 상점,534030
US92840H2022,VTGN,NASDAQ,VistaGen Therapeutics Inc,,생명과학 및 메디컬 리서치,562020
US6742152076,CHRD,NASDAQ,Chord Energy Corp,,오일 및 가스,501020
CA22576C1014,CPG,NYSE,Crescent Point Energy Corp,,오일 및 가스,501020
US03212B1035,AMPY,NYSE,Amplify Energy Corp,,오일 및 가스,501020
US13123X5086,CPE,NYSE,Callon Petroleum Co,,오일 및 가스,501020
US82836G1022,SBOW,NYSE,SilverBow Resources Inc,,오일 및 가스,501020
US21833P1030,CRBP,NASDAQ,Corbus Pharmaceuticals Holdings Inc,,생명과학 및 메디컬 리서치,562020
US72303P1075,PEGY,NASDAQ,Pineapple Energy Inc,,전기 유틸리티,591010
NL0011606264,MRUS,NASDAQ,Merus NV,,생명과학 및 메디컬 리서치,562020
US09077A1060,BMEA,NASDAQ,Biomea Fusion Inc,,생명과학 및 메디컬 리서치,562020
US25459W8477,TNA,HOSE,Thien Nam Trading Import Export JSC,,식품 및 약품소매,543010
US1252691001,CF,S&P500,CF Industries,Materials,Fertilizers & Agricultural Chemicals,
US1252691001,CF,NYSE,CF Industries Holdings Inc,,화학,511010
US7045511000,BTU,NYSE,Peabody Energy Corp,,석탄,501010
MHY8162K2046,SBLK,NASDAQ,Star Bulk Carriers Corp,,화물 및 물류 서비스,524050
CA8672241079,SU,NYSE,Suncor Energy Inc,,오일 및 가스,501020
CA8672241079,SUN,NYSE,Sunoco Common Units,,오일 및 가스,501020
US5657881067,MARA,NASDAQ,Marathon Digital Holdings Inc,,핀테크,573010
US22788C1053,CRWD,NASDAQ,CrowdStrike Holdings Inc Class A,,소프트웨어 및 IT서비스,572010
US49639K1016,KC,NASDAQ,Kingsoft Cloud Holdings Ltd ADR,,소프트웨어 및 IT서비스,572010
US36151G1058,GBS,NASDAQ,Gbs Inc,,생명과학 및 메디컬 리서치,562020
US0937121079,BE,NYSE,Bloom Energy Corp Class A,,"건설장비 및 대형차, 기차, 배",521020
US15687V1098,CERT,NASDAQ,Certara Inc,,소프트웨어 및 IT서비스,572010
US23804L1035,DDOG,NASDAQ,Datadog Inc Class A,,소프트웨어 및 IT서비스,572010
JP3633400001,7203,TSE,Toyota Motor Corp,,자동차 및 자동차 부품,531010
US7761531083,RMO,NYSE,Romeo Power Inc Class A,,"건설장비 및 대형차, 기차, 배",521020
JP3854600008,7267,TSE,Honda Motor Co Ltd,,자동차 및 자동차 부품,531010
JP3585800000,9501,TSE,Tokyo Electric Power Company Holdings Inc,,전기 유틸리티,591010
US9831341071,WYNN,S&P500,Wynn Resorts,Consumer Discretionary,Casinos & Gaming,
US9831341071,WYNN,NASDAQ,Wynn Resorts Ltd,,호텔 및 엔터테인먼트,533010
JE00BYSS4X48,NVCR,NASDAQ,Novocure Ltd,,헬스케어 장비 및 용품,561010
US69291A1007,PHX,NYSE,PHX Minerals Inc Class A,,오일 및 가스,501020
US12662P1084,CVI,NYSE,CVR Energy Inc,,오일 및 가스,501020
US20337X1090,COMM,NASDAQ,CommScope Holding Company Inc,,커뮤니케이션 및 네트워킹,571020
US26142V1052,DKNG,NASDAQ,DraftKings Inc Class A,,호텔 및 엔터테인먼트,533010
US21676P1030,CPS,NYSE,Cooper-Standard Holdings Inc,,자동차 및 자동차 부품,531010
US96524V1061,WHF,NASDAQ,WhiteHorse Finance Inc,,다양한 금융서비스,555010
US1724641097,SIRE,NYSE,Sisecam Resources Units,,화학,511010
US8722801029,CGBD,NASDAQ,Carlyle Secured Lending Inc,,은행,551010
US84741T1043,SPE,NYSE,Special Opportunities Closed Fund,,다양한 금융서비스,555010
US2698081013,ECC,NYSE,Eagle Point Credit Company Inc,,다양한 금융서비스,555010
US7982411057,SJT,NYSE,San Juan Basin Royalty Units,,오일 및 가스,501020
US16934Q2084,CIM,NYSE,Chimera Investment Corp,,주택 및 상업용 리츠,601020
US67401P1084,FFC,NYSE,Flaherty & Crumrine Preferred and Income Secs Fd,,다양한 금융서비스,555010
US67401P1084,OCSL,NASDAQ,Oaktree Specialty Lending Corp,,다양한 금융서비스,555010
US78590A1097,SACH,AMEX,Sachem Capital Corp,,은행,551010
US89677Y1001,TPVG,NYSE,Triplepoint Venture Growth BDC Corp,,투자은행 및 서비스,551020
MHY2106R1100,LPG,NYSE,Dorian LPG Ltd,,오일 및 가스 장비 및 서비스,501030
CNE100001526,002594,SZSE,BYD Co Ltd Class A,,자동차 및 자동차 부품,531010
US29414B1044,EPAM,S&P500,EPAM Systems,Information Technology,IT Consulting & Other Services,
US29414B1044,EPAM,NYSE,Epam Systems Inc,,소프트웨어 및 IT서비스,572010
US5906721015,MSB,NYSE,Mesabi Trust,,메탈&마이닝,512010
US5906721015,MSB,HOSE,Vietnam Maritime Commercial Joint Stock Bank,,은행,551010
CNE100002BR3,002812,SZSE,Yunnan Energy New Material Co Ltd Class A,,화학,511010
US1551231020,CET,AMEX,Central Securities Closed Fund,,다양한 금융서비스,555010
CNE100003LF5,600989,SSE,Ningxia Baofeng Energy Group Co Ltd Class A,,화학,511010
CNE100001QQ5,000333,SZSE,Midea Group Co Ltd Class A,,가정용품,532040
CNE0000014W7,600276,SSE,Jiangsu Hengrui Pharmaceuticals Co Ltd Class A,,제약,562010
US24664T1034,DKL,NYSE,Delek Logistics Partners Common Units,,오일 및 가스 장비 및 서비스,501030
CNE000001DZ5,600392,SSE,Shenghe Resources Holding Co Ltd Class A,,메탈&마이닝,512010
MHY622674098,NMM,NYSE,Navios Maritime Partners Units,,화물 및 물류 서비스,524050
US9497461015,WFC,S&P500,Wells Fargo,Financials,Diversified Banks,
US9497461015,WFC,NYSE,Wells Fargo & Co,,은행,551010
US03938L2034,MT,NYSE,ArcelorMittal SA ADR,,메탈&마이닝,512010
US03938L2034,MTN,NYSE,Vail Resorts Inc,,호텔 및 엔터테인먼트,533010
US8308791024,SKYW,NASDAQ,SkyWest Inc,,운송업,524060
US00402L1070,ASO,NASDAQ,Academy Sports and Outdoors Inc,,전문품 상점,534030
US65441V1017,NINE,NYSE,Nine Energy Service Inc,,오일 및 가스 장비 및 서비스,501030
US5010441013,KR,S&P500,Kroger,Consumer Staples,Food Retail,
US5010441013,KR,NYSE,Kroger Co,,식품 및 약품소매,543010
US83192H1068,SDC,NASDAQ,SmileDirectClub Inc Class A,,헬스케어 장비 및 용품,561010
US30205M1018,XCUR,NASDAQ,Exicure Inc,,생명과학 및 메디컬 리서치,562020
US6840233026,OGEN,AMEX,Oragenics Inc,,생명과학 및 메디컬 리서치,562020
NL0010872495,PRQR,NASDAQ,ProQR Therapeutics NV,,생명과학 및 메디컬 리서치,562020
US46323Q1058,IRNT,NYSE,IronNet Inc,,소프트웨어 및 IT서비스,572010
US29415J1060,NVNO,NASDAQ,enVVeno Medical Corp,,생명과학 및 메디컬 리서치,562020
US5398301094,LMT,S&P500,Lockheed Martin,Industrials,Aerospace & Defense,
US5398301094,LMT,NYSE,Lockheed Martin Corp,,우주항공 및 국방,521010
CA09088U1093,BGI,AMEX,Birks Group Inc Class A,,섬유 및 의류,532020
KYG3932F1063,EPOW,NASDAQ,Sunrise New Energy Co Ltd,,전문 및 상업 서비스,522030
CA91702V1013,UROY,NASDAQ,Uranium Royalty Corp,,우라늄,503010
US85571B1052,STWD,NYSE,Starwood Property Trust Inc,,주택 및 상업용 리츠,601020
US09229E2046,BLBX,NASDAQ,Blackboxstocks Inc,,소프트웨어 및 IT서비스,572010
US5128071082,LRCX,S&P500,Lam Research,Information Technology,Semiconductor Equipment,
US5128071082,LRCX,NASDAQ,Lam Research Corp,,반도체 및 반도체 장비,571010
US57778K1051,MAXR,NYSE,Maxar Technologies Inc,,우주항공 및 국방,521010
US6174464486,MS,S&P500,Morgan Stanley,Financials,Investment Banking & Brokerage,
US6174464486,MS,NYSE,Morgan Stanley,,투자은행 및 서비스,551020
US6174464486,MSN,AMEX,Emerson Radio Corp,,가정용품,532040
US6174464486,MSN,HOSE,Masan Group Corp,,식품 및 담배,541020
US70261F1030,KTTA,NASDAQ,Pasithea Therapeutics Corp,,생명과학 및 메디컬 리서치,562020
KYG592901097,MDJH,NASDAQ,MDJM Ltd,,부동산 운영 관리,601010
US4627261005,IRBT,NASDAQ,iRobot Corp,,전자 장비 및 부품,571040
US48238T1097,KAR,NYSE,KAR Auction Services Inc,,전문품 상점,534030
US58936H1095,MFH,NASDAQ,Mercurity Fintech Holding Inc ADR,,핀테크,573010
KYG0369L1014,ANGH,NASDAQ,Anghami Inc,,소프트웨어 및 IT서비스,572010
US29280W1099,NRGV,NYSE,Energy Vault Holdings Inc,,"건설장비 및 대형차, 기차, 배",521020
US36850R2040,GLS,NYSE,Gelesis Holdings Inc,,제약,562010
US67080T1088,NVCT,NASDAQ,Nuvectis Pharma Inc,,생명과학 및 메디컬 리서치,562020
US9311421039,WMT,S&P500,Walmart,Consumer Staples,Hypermarkets & Super Centers,
US9311421039,WMT,NYSE,Walmart Inc,,식품 및 약품소매,543010
US9026531049,UDR,S&P500,"UDR, Inc.",Real Estate,Residential REITs,
US9026531049,UDR,NYSE,UDR Inc,,주택 및 상업용 리츠,601020
US8621211007,STOR,NYSE,STORE Capital Corp,,주택 및 상업용 리츠,601020
US68622V1061,OGN,S&P500,Organon & Co.,Health Care,Pharmaceuticals,
US68622V1061,OGN,NYSE,Organon & Co,,제약,562010
US7443201022,PRU,S&P500,Prudential Financial,Financials,Life & Health Insurance,
US7443201022,PRU,NYSE,Prudential Financial Inc,,보험,553010
US7443201022,PLL,NASDAQ,Piedmont Lithium Inc,,메탈&마이닝,512010
US0556221044,BP,NYSE,BP PLC ADR,,오일 및 가스,501020
US05352A1007,AVTR,NYSE,Avantor Inc,,헬스케어 장비 및 용품,561010
CA7800871021,RY,NYSE,Royal Bank of Canada,,은행,551010
CA7800871021,RYN,NYSE,Rayonier Inc,,주택 및 상업용 리츠,601020
CA87971M1032,TU,NYSE,Telus Corp,,통신 서비스,574010
US8825081040,TXN,S&P500,Texas Instruments,Information Technology,Semiconductors,
US8825081040,TXN,NASDAQ,Texas Instruments Inc,,반도체 및 반도체 장비,571010
US4282911084,HXL,NYSE,Hexcel Corp,,우주항공 및 국방,521010
US4601461035,IP,S&P500,International Paper,Materials,Paper Packaging,
US4601461035,IP,NYSE,International Paper Co,,용기 및 포장,513020
US0200021014,ALL,S&P500,Allstate,Financials,Property & Casualty Insurance,
US0200021014,ALL,NYSE,Allstate Corp,,보험,553010
US2605571031,DOW,S&P500,Dow Inc.,Materials,Commodity Chemicals,
US2605571031,DOW,NYSE,Dow Inc,,화학,511010
US2193501051,GLW,S&P500,Corning Inc.,Information Technology,Electronic Components,
US2193501051,GLW,NYSE,Corning Inc,,전자 장비 및 부품,571040
US14448C1045,CARR,S&P500,Carrier Global,Industrials,Building Products,
US14448C1045,CARR,NYSE,Carrier Global Corp,,"건설장비 및 대형차, 기차, 배",521020
US14448C1045,CARG,NASDAQ,CarGurus Inc Class A,,소프트웨어 및 IT서비스,572010
NL0009434992,LYB,S&P500,LyondellBasell,Materials,Specialty Chemicals,
NL0009434992,LYB,NYSE,LyondellBasell Industries NV Class A,,화학,511010
NL0009434992,DLY,NYSE,DoubleLine Yield Opportunities Fund,,다양한 금융서비스,555010
US3755581036,GILD,S&P500,Gilead Sciences,Health Care,Biotechnology,
US3755581036,GILD,NASDAQ,Gilead Sciences Inc,,제약,562010
US3755581036,GIS,S&P500,General Mills,Consumer Staples,Packaged Foods & Meats,
US3755581036,GIS,NYSE,General Mills Inc,,식품 및 담배,541020
US3498531017,FWRD,NASDAQ,Forward Air Corp,,화물 및 물류 서비스,524050
US60770K1079,MRNA,S&P500,Moderna,Health Care,Biotechnology,
US60770K1079,MRNA,NASDAQ,Moderna Inc,,생명과학 및 메디컬 리서치,562020
US8962391004,TRMB,S&P500,Trimble Inc.,Information Technology,Electronic Equipment & Instruments,
US8962391004,TRMB,NASDAQ,Trimble Inc,,소프트웨어 및 IT서비스,572010
CA53680Q2071,LAC,NYSE,Lithium Americas Corp,,메탈&마이닝,512010
IL0011267213,SSYS,NASDAQ,Stratasys Ltd,,전자 장비 및 부품,571040
CH0025751329,LOGI,NASDAQ,Logitech International SA,,"컴퓨터, 전화 및 가전제품",571060
US88034P1093,TME,NYSE,Tencent Music Entertainment Group ADR Class A,,소프트웨어 및 IT서비스,572010
US42806J7000,HTZ,NASDAQ,Hertz Global Holdings Inc,,운송업,524060
US98954M2008,Z,NASDAQ,Zillow Group Inc Class C,,부동산 운영 관리,601010
US90138F1021,TWLO,NYSE,Twilio Inc Class A,,소프트웨어 및 IT서비스,572010
US98980G1022,ZS,NASDAQ,Zscaler Inc,,소프트웨어 및 IT서비스,572010
IL0011582033,FVRR,NYSE,Fiverr International Ltd,,소프트웨어 및 IT서비스,572010
US98980L1017,ZM,NASDAQ,Zoom Video Communications Inc Class A,,소프트웨어 및 IT서비스,572010
KYG508751065,JCSE,NASDAQ,JE Cleantech Holdings Ltd,,"건설장비 및 대형차, 기차, 배",521020
US82621J1051,SIEN,NASDAQ,Sientra Inc,,헬스케어 장비 및 용품,561010
US7493604000,RCMT,NASDAQ,R C M Technologies Inc,,건설 및 엔지니어링,522010
US14365C1036,CUK,NYSE,Carnival PLC ADR,,호텔 및 엔터테인먼트,533010
US0352551081,ANIK,NASDAQ,Anika Therapeutics Inc,,제약,562010
CA2483561072,DNN,AMEX,Denison Mines Corp,,우라늄,503010
KYG687071012,PAGS,NYSE,PagSeguro Digital Ltd Class A,,전문 및 상업 서비스,522030
US6374171063,NNN,NYSE,National Retail Properties Inc,,주택 및 상업용 리츠,601020
US9033181036,USDP,NYSE,USD Partners Units,,운송 인프라,524070
US75971T3014,SOL,NYSE,ReneSola Ltd ADR,,건설 및 엔지니어링,522010
KYG1329V2058,BHAT,NASDAQ,Blue Hat Interactive Entertainment Technology,,레저 상품,532050
US74765K1051,QSI,NASDAQ,Quantum-Si Inc Class A,,반도체 및 반도체 장비,571010
IL0011595993,INMD,NASDAQ,Inmode Ltd,,헬스케어 장비 및 용품,561010
US44916K1060,HYPR,NASDAQ,Hyperfine Inc Class A,,헬스케어 장비 및 용품,561010
US97265W1053,WBEV,AMEX,Winc Inc,,음료,541010
JP3436100006,9984,TSE,SoftBank Group Corp,,통신 서비스,574010
CNE000001GS3,600438,SSE,Tongwei Co Ltd Class A,,재생에너지,502010
US4062161017,HAL,S&P500,Halliburton,Energy,Oil & Gas Equipment & Services,
US4062161017,HAL,NYSE,Halliburton Co,,오일 및 가스 장비 및 서비스,501030
JP3732000009,9434,TSE,SoftBank Corp,,통신 서비스,574010
US0192222075,AHPI,NASDAQ,Allied Healthcare Products Inc,,헬스케어 장비 및 용품,561010
US69404D1081,PACB,NASDAQ,Pacific Biosciences of California Inc,,헬스케어 장비 및 용품,561010
US9285634021,VMW,NYSE,VMware Inc Class A,,소프트웨어 및 IT서비스,572010
US25400Q2049,DWACU,NASDAQ,Digital World Acquisition Units,,기타 금융업,556010
US7181721090,PM,S&P500,Philip Morris International,Consumer Staples,Tobacco,
US7181721090,PM,NYSE,Philip Morris International Inc,,식품 및 담배,541020
US7181721090,PMN,NASDAQ,ProMIS Neurosciences Inc,,생명과학 및 메디컬 리서치,562020
US46284V1017,IRM,S&P500,Iron Mountain,Real Estate,Specialized REITs,
US46284V1017,IRM,NYSE,Iron Mountain Inc,,주택 및 상업용 리츠,601020
US3765461070,GAIN,NASDAQ,Gladstone Investment Corp,,다양한 금융서비스,555010
US56035L1044,MAIN,NYSE,Main Street Capital Corp,,은행,551010
GB0032164732,JRS,NYSE,Nuveen Real Estate Income Closed Fund,,다양한 금융서비스,555010
CA0679011084,GOLD,NYSE,Barrick Gold Corp,,메탈&마이닝,512010
CA0679011084,ABR,NYSE,Arbor Realty Trust Inc,,주택 및 상업용 리츠,601020
CA0679011084,ABR,HOSE,Viet Brand Invest JSC,,전문 및 상업 서비스,522030
US5502411037,LUMN,S&P500,Lumen Technologies,Communication Services,Alternative Carriers,
US5502411037,LUMN,NYSE,Lumen Technologies Inc,,통신 서비스,574010
US5502411037,CYTH,NASDAQ,Cyclo Therapeutics Inc,,제약,562010
US5502411037,CYT,NASDAQ,Cyteir Therapeutics Inc,,생명과학 및 메디컬 리서치,562020
US8641591081,RGR,NYSE,Sturm Ruger & Company Inc,,레저 상품,532050
IL0010851827,MNDO,NASDAQ,Mind CTI Ltd,,소프트웨어 및 IT서비스,572010
US53222K2050,LFVN,NASDAQ,LifeVantage Corp,,제약,562010
US3551841022,FKWL,NASDAQ,Franklin Wireless Corp,,커뮤니케이션 및 네트워킹,571020
US90328M1071,USNA,NYSE,USANA Health Sciences Inc,,식품 및 담배,541020
JP3891600003,7003,TSE,Mitsui E&S Holdings Co Ltd,,"건설장비 및 대형차, 기차, 배",521020
JP3322810007,7022,TSE,Sanoyas Holdings Corp,,"건설장비 및 대형차, 기차, 배",521020
US04965B1008,ATOM,NASDAQ,Atomera Inc,,반도체 및 반도체 장비,571010
US8190471016,SHAK,NYSE,Shake Shack Inc Class A,,호텔 및 엔터테인먼트,533010
US9004502061,HEAR,NASDAQ,Turtle Beach Corp,,"컴퓨터, 전화 및 가전제품",571060
US1567271093,CRNC,NASDAQ,Cerence Inc,,소프트웨어 및 IT서비스,572010
US92556H2067,PARA,S&P500,Paramount Global,Communication Services,Movies & Entertainment,
US92556H2067,PARA,NASDAQ,Paramount Global Class B,,미디어 및 출판,533020
US0063513081,AE,AMEX,Adams Resources & Energy Inc,,오일 및 가스,501020
US8425871071,SO,S&P500,Southern Company,Utilities,Electric Utilities,
US8425871071,SO,NYSE,Southern Co,,전기 유틸리티,591010
US8425871071,SON,NYSE,Sonoco Products Co,,용기 및 포장,513020
US77543R1023,ROKU,NASDAQ,Roku Inc Class A,,미디어 및 출판,533020
US76655K1034,RGTI,NASDAQ,Rigetti Computing Inc,,반도체 및 반도체 장비,571010
CA5592224011,MGA,NYSE,Magna International Inc,,자동차 및 자동차 부품,531010
CA5592224011,MG,NYSE,Mistras Group Inc,,오일 및 가스,501020
DE0005140008,DB,NYSE,Deutsche Bank AG,,은행,551010
US09075V1026,BNTX,NASDAQ,BioNTech SE ADR,,생명과학 및 메디컬 리서치,562020
US75886F1075,REGN,S&P500,Regeneron,Health Care,Biotechnology,
US75886F1075,REGN,NASDAQ,Regeneron Pharmaceuticals Inc,,생명과학 및 메디컬 리서치,562020
US6907321029,OMI,NYSE,Owens & Minor Inc,,헬스케어 장비 및 용품,561010
US2533931026,DKS,NYSE,DICK'S Sporting Goods Inc,,전문품 상점,534030
US8317541063,SWBI,NASDAQ,Smith & Wesson Brands Inc,,레저 상품,532050
US19249M1027,COHN,AMEX,Cohen & Company Inc,,기타 금융업,556010
VN000000HPG4,HPG,HOSE,Hoa Phat Group JSC,,메탈&마이닝,512010
US53224K3023,LTBR,NASDAQ,Lightbridge Corp,,전문 및 상업 서비스,522030
VN000000VIC9,VIC,HOSE,Vingroup JSC,,부동산 운영 관리,601010
US04010L1035,ARCC,NASDAQ,Ares Capital Corp,,다양한 금융서비스,555010
US04367G1031,ASXC,AMEX,Asensus Surgical Inc,,헬스케어 장비 및 용품,561010
US35671D8570,FCX,S&P500,Freeport-McMoRan,Materials,Copper,
US35671D8570,FCX,NYSE,Freeport-McMoRan Inc,,메탈&마이닝,512010
CNE000000M72,600745,SSE,Wingtech Technology Co Ltd Class A,,"컴퓨터, 전화 및 가전제품",571060
CA5362211040,LEV,NYSE,Lion Electric Co,,자동차 및 자동차 부품,531010
KYG8601L1106,SVFAU,NASDAQ,SVF Investment Units,,기타 금융업,556010
US00211V1061,AACG,NASDAQ,ATA Creativity Global ADR,,교육서비스,631010
US91823B1098,UWMC,NYSE,UWM Holdings Corp Class A,,은행,551010
US88023U1016,TPX,NYSE,Tempur Sealy International Inc,,가정용품,532040
US70451A1043,PAYS,NASDAQ,Paysign Inc,,전문 및 상업 서비스,522030
US74623V1035,PCT,NASDAQ,Purecycle Technologies Inc,,전문 및 상업 서비스,522030
US40434L1052,HPQ,S&P500,HP Inc.,Information Technology,"Technology Hardware, Storage & Peripherals",
US40434L1052,HPQ,NYSE,HP Inc,,"컴퓨터, 전화 및 가전제품",571060
US35909D1090,FYBR,NASDAQ,Frontier Communications Parent Inc,,통신 서비스,574010
US8175651046,SCI,NYSE,Service Corporation International,,"개인, 가정 용품 및 서비스",542010
US8175651046,SVC,NASDAQ,Service Properties Trust,,주택 및 상업용 리츠,601020
US8175651046,SVC,HOSE,Saigon General Service Corp,,전문품 상점,534030
NL0011585146,RACE,NYSE,Ferrari NV,,자동차 및 자동차 부품,531010
NL00150001Q9,STLA,NYSE,Stellantis NV,,자동차 및 자동차 부품,531010
US2128731039,CONX,NASDAQ,CONX Corp Class A,,기타 금융업,556010
CNE100002TP9,603605,SSE,Proya Cosmetics Co Ltd Class A,,"개인, 가정 용품 및 서비스",542010
US01675A1097,BIRD,NASDAQ,Allbirds Inc Class A,,섬유 및 의류,532020
US0926671043,BLDE,NASDAQ,Blade Air Mobility Inc Class A,,소프트웨어 및 IT서비스,572010
